1,RESSMB-7294,chen.liu,242,2018-08-20,0
2,ENGR-1986,chen.liu,242,2018-08-20,1
3,RESSMB-7303,chen.liu,242,2018-08-20,2
4,ENGR-2213,chen.liu,242,2018-08-20,3
5,RESSMB-7256,chen.liu,242,2018-08-20,4
6,RESSMB-7265,chen.liu,242,2018-08-20,5
7,LCI-2604,chen.liu,242,2018-08-20,6
8,ENGR-2186,chen.liu,242,2018-08-20,12
9,RESSMB-7241,chen.liu,242,2018-08-20,0
10,RESSMB-7312,chen.liu,242,2018-08-20,0
11,ENGR-2186,chen.liu,242,2018-08-21,0
12,LCI-2604,chen.liu,242,2018-08-21,0
13,RESSMB-7294,chen.liu,242,2018-08-21,0
14,BUILD-15134,chen.liu,242,2018-08-21,2
15,BUILD-15134,chen.liu,242,2018-08-22,0
16,RESSMB-7265,chen.liu,242,2018-08-22,0
17,BUILD-15134,chen.liu,242,2018-08-23,0
18,RESSMB-7256,chen.liu,242,2018-08-23,0
19,RESSMB-7265,chen.liu,242,2018-08-23,0
20,RESSMB-7294,chen.liu,242,2018-08-23,0
21,RESSMB-7303,chen.liu,242,2018-08-23,0
22,BUILD-15134,chen.liu,242,2018-08-24,0
23,RESSMB-7256,chen.liu,242,2018-08-24,0
24,RESSMB-7303,chen.liu,242,2018-08-24,0
25,BUILD-15592,chen.liu,242,2018-08-27,0
26,RESSMB-7265,chen.liu,242,2018-08-31,0
27,ENGR-2295,chen.liu,242,2018-08-31,24
28,RESSMB-7303,chen.liu,242,2018-09-04,0
29,BUILD-15134,chen.liu,242,2018-09-12,0
30,LCI-2604,chen.liu,242,2018-09-12,0
31,RESSMB-7333,chen.liu,243,2018-09-04,4
32,ENGR-2314,chen.liu,243,2018-09-04,6
33,ENGR-1809,chen.liu,243,2018-09-04,0
34,RESSMB-7241,chen.liu,243,2018-09-04,0
35,RESSMB-7333,chen.liu,243,2018-09-05,0
36,IO-955,chen.liu,243,2018-09-05,7
37,ENGR-2213,chen.liu,243,2018-09-07,3
38,ENGR-2213,chen.liu,243,2018-09-10,0
39,BUILD-16338,chen.liu,243,2018-09-10,0
40,ENGR-2314,chen.liu,243,2018-09-11,0
41,BUILD-16338,chen.liu,243,2018-09-11,0
42,BUILD-16339,chen.liu,243,2018-09-11,0
43,ENGR-2213,chen.liu,243,2018-09-12,0
44,ENGR-2314,chen.liu,243,2018-09-12,0
45,RESSMB-7333,chen.liu,243,2018-09-12,0
46,BUILD-16338,chen.liu,243,2018-09-12,0
47,BUILD-16339,chen.liu,243,2018-09-12,0
48,ENGR-2213,chen.liu,243,2018-09-13,0
49,IO-955,chen.liu,243,2018-09-13,0
50,RESSMB-7333,chen.liu,243,2018-09-13,0
51,ENGR-2314,chen.liu,243,2018-09-15,0
52,IO-955,chen.liu,243,2018-09-15,0
53,ENGR-1986,chen.liu,243,2018-09-15,1
54,IO-955,chen.liu,243,2018-09-16,0
55,ENGR-1986,chen.liu,244,2018-09-17,1
56,ENGR-2352,chen.liu,244,2018-09-17,3
57,ENGR-2353,chen.liu,244,2018-09-17,4
58,IO-877,chen.liu,244,2018-09-17,4
59,IO-945,chen.liu,244,2018-09-17,4
60,ENGR-2386,chen.liu,244,2018-09-17,6
61,ENGR-2373,chen.liu,244,2018-09-17,8
62,ENGR-2186,chen.liu,244,2018-09-17,12
63,ENGR-1809,chen.liu,244,2018-09-17,0
64,ENGR-2183,chen.liu,244,2018-09-17,0
65,ENGR-2329,chen.liu,244,2018-09-17,0
66,IO-857,chen.liu,244,2018-09-17,0
67,IO-860,chen.liu,244,2018-09-17,0
68,ENGR-2373,chen.liu,244,2018-09-18,0
69,ENGR-2386,chen.liu,244,2018-09-18,0
70,IO-877,chen.liu,244,2018-09-18,0
71,ENGR-2213,chen.liu,244,2018-09-18,3
72,ENGR-2389,chen.liu,244,2018-09-18,3
73,ENGR-1986,chen.liu,244,2018-09-19,0
74,ENGR-2373,chen.liu,244,2018-09-19,0
75,ENGR-2386,chen.liu,244,2018-09-19,0
76,ENGR-2353,chen.liu,244,2018-09-20,0
77,ENGR-2373,chen.liu,244,2018-09-20,0
78,IO-945,chen.liu,244,2018-09-20,0
79,ENGR-1986,chen.liu,244,2018-09-21,0
80,ENGR-2353,chen.liu,244,2018-09-21,0
81,ENGR-2373,chen.liu,244,2018-09-21,0
82,ENGR-2389,chen.liu,244,2018-09-21,0
83,IO-945,chen.liu,244,2018-09-21,0
84,ENGR-2389,chen.liu,244,2018-09-22,0
85,IO-877,chen.liu,244,2018-09-22,0
86,IO-945,chen.liu,244,2018-09-22,0
87,ENGR-2373,chen.liu,244,2018-09-24,0
88,IO-945,chen.liu,244,2018-09-24,0
89,ENGR-2352,chen.liu,244,2018-09-25,0
90,IO-877,chen.liu,244,2018-09-25,0
91,ENGR-1986,chen.liu,244,2018-09-26,0
92,ENGR-2352,chen.liu,244,2018-09-26,0
93,ENGR-2373,chen.liu,244,2018-09-26,0
94,IO-877,chen.liu,244,2018-09-26,0
95,ENGR-2409,chen.liu,244,2018-09-26,5
96,ENGR-1986,chen.liu,244,2018-09-27,0
97,ENGR-2186,chen.liu,244,2018-09-27,0
98,IO-877,chen.liu,244,2018-09-28,0
99,IO-945,chen.liu,244,2018-09-28,0
100,ENGR-2213,chen.liu,244,2018-09-29,0
101,ENGR-2373,chen.liu,244,2018-09-29,0
102,ENGR-2389,chen.liu,244,2018-09-29,0
103,ENGR-2186,chen.liu,244,2018-10-01,0
104,ENGR-2352,chen.liu,244,2018-10-01,0
105,ENGR-2353,chen.liu,244,2018-10-01,0
106,ENGR-2442,chen.liu,245,2018-10-01,3
107,PREDM-1732,chen.liu,245,2018-10-01,4
108,PREDM-1721,chen.liu,245,2018-10-01,5
109,BUILD-17103,chen.liu,245,2018-10-01,0
110,ENGR-2444,chen.liu,245,2018-10-01,0
111,IO-857,chen.liu,245,2018-10-01,0
112,ENGR-2442,chen.liu,245,2018-10-03,0
113,PREDM-1721,chen.liu,245,2018-10-03,0
114,PREDM-1732,chen.liu,245,2018-10-03,0
115,PREDM-1732,chen.liu,245,2018-10-04,0
116,PREDM-1721,chen.liu,245,2018-10-05,0
117,PREDM-1732,chen.liu,245,2018-10-05,0
118,PREDM-1721,chen.liu,245,2018-10-12,0
119,PREDM-1732,chen.liu,245,2018-10-12,0
120,EXC-15742,chen.liu,246,2018-10-16,5
121,EXC-15742,chen.liu,247,2018-10-29,5
122,BUILD-18489,chen.liu,247,2018-10-29,6
123,LCI-2746,chen.liu,247,2018-10-29,0
124,PREDM-1694,chen.liu,247,2018-10-29,0
125,ENGR-2462,chen.liu,247,2018-11-01,0
126,BUILD-18489,chen.liu,247,2018-11-05,0
127,BUILD-19137,chen.liu,247,2018-11-05,6
128,BUILD-18489,chen.liu,247,2018-11-06,0
129,BUILD-19137,chen.liu,247,2018-11-06,0
130,EXC-15742,chen.liu,247,2018-11-06,0
131,EXC-15742,chen.liu,247,2018-11-07,0
132,EXC-15742,chen.liu,247,2018-11-08,0
133,RESSMB-7257,henry.hom,242,2018-08-20,4
134,LCI-2603,henry.hom,242,2018-08-20,8
135,RESSMB-7312,henry.hom,242,2018-08-20,8
136,RESSMB-7314,henry.hom,242,2018-08-20,8
137,BUILD-15083,henry.hom,242,2018-08-20,16
138,RESSMB-7125,henry.hom,242,2018-08-20,16
139,ENGR-1840,henry.hom,242,2018-08-20,0
140,RESSMB-7270,henry.hom,242,2018-08-20,0
141,BUILD-15083,henry.hom,242,2018-08-21,0
142,LCI-2603,henry.hom,242,2018-08-21,0
143,BUILD-15083,henry.hom,242,2018-08-22,0
144,LCI-2603,henry.hom,242,2018-08-22,0
145,BUILD-15198,henry.hom,242,2018-08-22,0
146,BUILD-15199,henry.hom,242,2018-08-22,0
147,BUILD-15200,henry.hom,242,2018-08-22,0
148,BUILD-15201,henry.hom,242,2018-08-22,0
149,BUILD-15083,henry.hom,242,2018-08-23,0
150,LCI-2603,henry.hom,242,2018-08-23,0
151,RESSMB-7257,henry.hom,242,2018-08-23,0
152,BUILD-15083,henry.hom,242,2018-08-24,0
153,ENGR-1840,henry.hom,242,2018-08-24,0
154,BUILD-15198,henry.hom,242,2018-08-25,0
155,BUILD-15201,henry.hom,242,2018-08-25,0
156,RESSMB-7125,henry.hom,242,2018-08-27,0
157,RESSMB-7257,henry.hom,242,2018-08-27,0
158,RESSMB-7314,henry.hom,242,2018-08-27,0
159,BUILD-15592,henry.hom,242,2018-08-27,4
160,BUILD-15592,henry.hom,242,2018-08-28,0
161,RESSMB-7125,henry.hom,242,2018-08-28,0
162,RESSMB-7257,henry.hom,242,2018-08-28,0
163,BUILD-15592,henry.hom,242,2018-08-29,0
164,RESSMB-7125,henry.hom,242,2018-08-29,0
165,RESSMB-7312,henry.hom,242,2018-08-29,0
166,RESSMB-7314,henry.hom,242,2018-08-29,0
167,BUILD-15592,henry.hom,242,2018-08-30,0
168,RESSMB-7125,henry.hom,242,2018-08-30,0
169,RESSMB-7312,henry.hom,242,2018-08-30,0
170,RESSMB-7314,henry.hom,242,2018-08-30,0
171,RESSMB-7312,henry.hom,242,2018-08-31,0
172,BUILD-15592,henry.hom,242,2018-09-04,0
173,BUILD-15083,henry.hom,242,2018-09-05,0
174,LCI-2603,henry.hom,242,2018-09-05,0
175,RESSMB-7312,henry.hom,242,2018-09-05,0
176,BUILD-15592,henry.hom,242,2018-09-18,0
177,BUILD-14802,henry.hom,242,2018-09-18,0
178,ENGR-1905,henry.hom,242,2018-10-01,0
179,RESSMB-7328,henry.hom,243,2018-09-04,4
180,RESSMB-7338,henry.hom,243,2018-09-04,4
181,UI-4335,henry.hom,243,2018-09-04,4
182,ENGR-2307,henry.hom,243,2018-09-04,8
183,LCI-2657,henry.hom,243,2018-09-04,12
184,PREDM-1699,henry.hom,243,2018-09-04,12
185,ENGR-1840,henry.hom,243,2018-09-04,0
186,LCI-2648,henry.hom,243,2018-09-04,0
187,PREDM-1690,henry.hom,243,2018-09-04,0
188,ENGR-2307,henry.hom,243,2018-09-05,0
189,LCI-2657,henry.hom,243,2018-09-05,0
190,PREDM-1699,henry.hom,243,2018-09-05,0
191,RESSMB-7328,henry.hom,243,2018-09-05,0
192,RESSMB-7338,henry.hom,243,2018-09-05,0
193,UI-4335,henry.hom,243,2018-09-05,0
194,EXC-15522,henry.hom,243,2018-09-05,4
195,RESSMB-7257,henry.hom,243,2018-09-05,4
196,RESSMB-7125,henry.hom,243,2018-09-05,16
197,ENGR-2307,henry.hom,243,2018-09-06,0
198,LCI-2657,henry.hom,243,2018-09-06,0
199,ENGR-2307,henry.hom,243,2018-09-07,0
200,EXC-15522,henry.hom,243,2018-09-07,0
201,LCI-2657,henry.hom,243,2018-09-07,0
202,RESSMB-7328,henry.hom,243,2018-09-09,0
203,ENGR-2307,henry.hom,243,2018-09-10,0
204,EXC-15522,henry.hom,243,2018-09-10,0
205,RESSMB-7328,henry.hom,243,2018-09-10,0
206,EXC-15522,henry.hom,243,2018-09-11,0
207,RESSMB-7328,henry.hom,243,2018-09-11,0
208,RESSMB-7328,henry.hom,243,2018-09-12,0
209,RESSMB-7338,henry.hom,243,2018-09-12,0
210,ENGR-2307,henry.hom,243,2018-09-13,0
211,PREDM-1699,henry.hom,243,2018-09-13,0
212,RESSMB-7328,henry.hom,243,2018-09-13,0
213,RESSMB-7338,henry.hom,243,2018-09-13,0
214,UI-4335,henry.hom,243,2018-09-13,0
215,ENGR-2307,henry.hom,243,2018-09-14,0
216,PREDM-1699,henry.hom,243,2018-09-14,0
217,RESSMB-7125,henry.hom,243,2018-09-14,0
218,RESSMB-7257,henry.hom,243,2018-09-14,0
219,ENGR-2307,henry.hom,243,2018-09-17,0
220,UI-4335,henry.hom,243,2018-09-17,0
221,EXC-15522,henry.hom,243,2018-09-20,0
222,LCI-2686,henry.hom,244,2018-09-17,1
223,IO-858,henry.hom,244,2018-09-17,4
224,LCI-2699,henry.hom,244,2018-09-17,4
225,UI-4335,henry.hom,244,2018-09-17,4
226,IO-942,henry.hom,244,2018-09-17,6
227,IO-971,henry.hom,244,2018-09-17,8
228,BUILD-16238,henry.hom,244,2018-09-17,0
229,ENGR-1881,henry.hom,244,2018-09-17,0
230,ENGR-1905,henry.hom,244,2018-09-17,0
231,ENGR-2381,henry.hom,244,2018-09-17,0
232,IO-963,henry.hom,244,2018-09-17,0
233,LCI-2686,henry.hom,244,2018-09-18,0
234,LCI-2699,henry.hom,244,2018-09-18,0
235,UI-4335,henry.hom,244,2018-09-18,0
236,RESSMB-7328,henry.hom,244,2018-09-18,4
237,PREDM-1699,henry.hom,244,2018-09-18,12
238,ENGR-1881,henry.hom,244,2018-09-18,0
239,IO-963,henry.hom,244,2018-09-18,0
240,LCI-2686,henry.hom,244,2018-09-19,0
241,LCI-2699,henry.hom,244,2018-09-19,0
242,BUILD-16238,henry.hom,244,2018-09-19,0
243,IO-942,henry.hom,244,2018-09-20,0
244,LCI-2686,henry.hom,244,2018-09-20,0
245,LCI-2699,henry.hom,244,2018-09-20,0
246,IO-858,henry.hom,244,2018-09-21,0
247,IO-971,henry.hom,244,2018-09-21,0
248,LCI-2657,henry.hom,244,2018-09-21,12
249,IO-963,henry.hom,244,2018-09-21,0
250,IO-942,henry.hom,244,2018-09-25,0
251,IO-971,henry.hom,244,2018-09-25,0
252,LCI-2686,henry.hom,244,2018-09-26,0
253,LCI-2699,henry.hom,244,2018-09-26,0
254,RESSMB-7328,henry.hom,244,2018-09-26,0
255,IO-858,henry.hom,244,2018-09-27,0
256,IO-971,henry.hom,244,2018-09-27,0
257,IO-858,henry.hom,244,2018-09-28,0
258,IO-971,henry.hom,244,2018-09-28,0
259,IO-858,henry.hom,244,2018-09-30,0
260,IO-858,henry.hom,244,2018-10-01,0
261,IO-942,henry.hom,244,2018-10-01,0
262,IO-971,henry.hom,244,2018-10-01,0
263,IO-858,henry.hom,244,2018-10-02,0
264,IO-1080,henry.hom,245,2018-10-01,0
265,IO-1081,henry.hom,245,2018-10-01,0
266,PREDM-1743,henry.hom,245,2018-10-01,2
267,BUILD-16797,henry.hom,245,2018-10-01,4
268,PREDM-1715,henry.hom,245,2018-10-01,4
269,PREDM-1722,henry.hom,245,2018-10-01,4
270,PREDM-1723,henry.hom,245,2018-10-01,4
271,PREDM-1728,henry.hom,245,2018-10-01,4
272,PREDM-1739,henry.hom,245,2018-10-01,4
273,PREDM-1741,henry.hom,245,2018-10-01,4
274,IO-942,henry.hom,245,2018-10-01,6
275,IO-971,henry.hom,245,2018-10-01,8
276,ENGR-2433,henry.hom,245,2018-10-01,12
277,IO-1012,henry.hom,245,2018-10-01,0
278,IO-1045,henry.hom,245,2018-10-01,0
279,IO-1061,henry.hom,245,2018-10-01,0
280,IO-1082,henry.hom,245,2018-10-01,0
281,IO-1083,henry.hom,245,2018-10-01,0
282,PREDM-1699,henry.hom,245,2018-10-02,12
283,BUILD-16238,henry.hom,245,2018-10-02,0
284,BUILD-16797,henry.hom,245,2018-10-03,0
285,ENGR-2433,henry.hom,245,2018-10-03,0
286,IO-942,henry.hom,245,2018-10-03,0
287,IO-971,henry.hom,245,2018-10-03,0
288,BUILD-17742,henry.hom,245,2018-10-03,0.5
289,BUILD-16238,henry.hom,245,2018-10-03,0
290,IO-1045,henry.hom,245,2018-10-03,0
291,BUILD-17742,henry.hom,245,2018-10-04,0
292,PREDM-1715,henry.hom,245,2018-10-04,0
293,PREDM-1739,henry.hom,245,2018-10-04,0
294,BUILD-17742,henry.hom,245,2018-10-05,0
295,ENGR-2433,henry.hom,245,2018-10-05,0
296,IO-942,henry.hom,245,2018-10-05,0
297,IO-971,henry.hom,245,2018-10-05,0
298,PREDM-1715,henry.hom,245,2018-10-05,0
299,PREDM-1739,henry.hom,245,2018-10-05,0
300,BUILD-16797,henry.hom,245,2018-10-07,0
301,BUILD-16797,henry.hom,245,2018-10-08,0
302,PREDM-1715,henry.hom,245,2018-10-08,0
303,PREDM-1722,henry.hom,245,2018-10-08,0
304,PREDM-1739,henry.hom,245,2018-10-08,0
305,ENGR-2475,henry.hom,245,2018-10-08,4
306,IO-1008,henry.hom,245,2018-10-08,0
307,IO-1059,henry.hom,245,2018-10-08,0
308,ENGR-2433,henry.hom,245,2018-10-09,0
309,ENGR-2475,henry.hom,245,2018-10-09,0
310,IO-1080,henry.hom,245,2018-10-09,0
311,IO-1081,henry.hom,245,2018-10-09,0
312,PREDM-1715,henry.hom,245,2018-10-09,0
313,PREDM-1722,henry.hom,245,2018-10-09,0
314,PREDM-1723,henry.hom,245,2018-10-09,0
315,PREDM-1739,henry.hom,245,2018-10-09,0
316,IO-1082,henry.hom,245,2018-10-09,0
317,ENGR-2433,henry.hom,245,2018-10-10,0
318,ENGR-2475,henry.hom,245,2018-10-10,0
319,IO-1080,henry.hom,245,2018-10-10,0
320,PREDM-1722,henry.hom,245,2018-10-10,0
321,PREDM-1723,henry.hom,245,2018-10-10,0
322,PREDM-1728,henry.hom,245,2018-10-10,0
323,PREDM-1741,henry.hom,245,2018-10-10,0
324,PREDM-1725,henry.hom,245,2018-10-10,4
325,BUILD-16797,henry.hom,245,2018-10-11,0
326,BUILD-17742,henry.hom,245,2018-10-11,0
327,ENGR-2433,henry.hom,245,2018-10-11,0
328,IO-1081,henry.hom,245,2018-10-11,0
329,PREDM-1741,henry.hom,245,2018-10-11,0
330,ENGR-2433,henry.hom,245,2018-10-12,0
331,IO-1081,henry.hom,245,2018-10-12,0
332,PREDM-1715,henry.hom,245,2018-10-12,0
333,PREDM-1722,henry.hom,245,2018-10-12,0
334,PREDM-1723,henry.hom,245,2018-10-12,0
335,PREDM-1725,henry.hom,245,2018-10-12,0
336,PREDM-1728,henry.hom,245,2018-10-12,0
337,PREDM-1739,henry.hom,245,2018-10-12,0
338,PREDM-1741,henry.hom,245,2018-10-12,0
339,PREDM-1743,henry.hom,245,2018-10-12,0
340,IO-1080,henry.hom,245,2018-10-15,0
341,IO-1081,henry.hom,245,2018-10-15,0
342,IO-942,henry.hom,245,2018-10-15,0
343,IO-971,henry.hom,245,2018-10-15,0
344,PREDM-1725,henry.hom,245,2018-10-15,0
345,PREDM-1725,henry.hom,245,2018-10-19,0
346,PREDM-1756,henry.hom,246,2018-10-15,1
347,IO-1011,henry.hom,246,2018-10-15,2
348,IO-1036,henry.hom,246,2018-10-15,3
349,IO-1037,henry.hom,246,2018-10-15,3
350,ENGR-2475,henry.hom,246,2018-10-15,4
351,ENGR-2547,henry.hom,246,2018-10-15,4
352,IO-1033,henry.hom,246,2018-10-15,4
353,IO-1034,henry.hom,246,2018-10-15,4
354,IO-1116,henry.hom,246,2018-10-15,4
355,PREDM-1752,henry.hom,246,2018-10-15,4
356,IO-1103,henry.hom,246,2018-10-15,6
357,IO-1104,henry.hom,246,2018-10-15,6
358,ENGR-2509,henry.hom,246,2018-10-15,8
359,ENGR-1881,henry.hom,246,2018-10-15,0
360,ENGR-2469,henry.hom,246,2018-10-15,0
361,ENGR-2544,henry.hom,246,2018-10-15,0
362,ENGR-2546,henry.hom,246,2018-10-15,0
363,IO-1035,henry.hom,246,2018-10-15,0
364,PREDM-1762,henry.hom,246,2018-10-15,0
365,ENGR-2547,henry.hom,246,2018-10-16,0
366,PREDM-1752,henry.hom,246,2018-10-16,0
367,BUILD-17284,henry.hom,246,2018-10-16,4
368,ENGR-2469,henry.hom,246,2018-10-16,0
369,PREDM-1762,henry.hom,246,2018-10-16,0
370,BUILD-17284,henry.hom,246,2018-10-17,0
371,ENGR-2547,henry.hom,246,2018-10-17,0
372,IO-1011,henry.hom,246,2018-10-17,0
373,IO-1034,henry.hom,246,2018-10-17,0
374,IO-1116,henry.hom,246,2018-10-17,0
375,PREDM-1762,henry.hom,246,2018-10-17,0
376,BUILD-17284,henry.hom,246,2018-10-18,0
377,ENGR-2475,henry.hom,246,2018-10-18,0
378,IO-1011,henry.hom,246,2018-10-18,0
379,IO-1033,henry.hom,246,2018-10-18,0
380,IO-1034,henry.hom,246,2018-10-18,0
381,IO-1036,henry.hom,246,2018-10-18,0
382,IO-1037,henry.hom,246,2018-10-18,0
383,ENGR-2547,henry.hom,246,2018-10-19,0
384,IO-1011,henry.hom,246,2018-10-19,0
385,IO-1033,henry.hom,246,2018-10-19,0
386,PREDM-1752,henry.hom,246,2018-10-19,0
387,PREDM-1756,henry.hom,246,2018-10-19,0
388,IO-1085,henry.hom,246,2018-10-19,3
389,LCI-2722,henry.hom,246,2018-10-19,0
390,ENGR-2509,henry.hom,246,2018-10-22,0
391,IO-1085,henry.hom,246,2018-10-22,0
392,PREDM-1752,henry.hom,246,2018-10-22,0
393,PREDM-1756,henry.hom,246,2018-10-22,0
394,PREDM-1746,henry.hom,246,2018-10-22,3
395,BUILD-17284,henry.hom,246,2018-10-23,0
396,ENGR-2509,henry.hom,246,2018-10-23,0
397,IO-1116,henry.hom,246,2018-10-23,0
398,PREDM-1746,henry.hom,246,2018-10-23,0
399,IO-1027,henry.hom,246,2018-10-23,0
400,IO-1114,henry.hom,246,2018-10-23,0
401,IO-1085,henry.hom,246,2018-10-24,0
402,IO-1103,henry.hom,246,2018-10-24,0
403,IO-1104,henry.hom,246,2018-10-24,0
404,IO-1116,henry.hom,246,2018-10-24,0
405,IO-1114,henry.hom,246,2018-10-24,0
406,IO-1085,henry.hom,246,2018-10-25,0
407,IO-1104,henry.hom,246,2018-10-25,0
408,IO-1116,henry.hom,246,2018-10-25,0
409,ENGR-2475,henry.hom,246,2018-10-26,0
410,ENGR-2547,henry.hom,246,2018-10-26,0
411,IO-1085,henry.hom,246,2018-10-26,0
412,IO-1103,henry.hom,246,2018-10-26,0
413,IO-1104,henry.hom,246,2018-10-26,0
414,IO-1116,henry.hom,246,2018-10-26,0
415,ENGR-2586,henry.hom,246,2018-10-26,3
416,ENGR-2509,henry.hom,246,2018-10-29,0
417,PREDM-1746,henry.hom,246,2018-10-29,0
418,PREDM-1752,henry.hom,246,2018-10-29,0
419,PREDM-1756,henry.hom,246,2018-10-29,0
420,IO-1139,henry.hom,247,2018-10-29,1
421,IO-1011,henry.hom,247,2018-10-29,2
422,IO-1138,henry.hom,247,2018-10-29,2
423,LCI-2748,henry.hom,247,2018-10-29,2
424,LCI-2753,henry.hom,247,2018-10-29,2
425,IO-857,henry.hom,247,2018-10-29,3
426,IO-1143,henry.hom,247,2018-10-29,4
427,PREDM-1767,henry.hom,247,2018-10-29,4
428,PREDM-1694,henry.hom,247,2018-10-29,6
429,IO-1147,henry.hom,247,2018-10-29,8
430,BUILD-19277,henry.hom,247,2018-10-29,0
431,ENGR-2469,henry.hom,247,2018-10-29,0
432,ENGR-2544,henry.hom,247,2018-10-29,0
433,ENGR-2546,henry.hom,247,2018-10-29,0
434,ENGR-2617,henry.hom,247,2018-10-29,0
435,ENGR-2618,henry.hom,247,2018-10-29,0
436,LCI-2751,henry.hom,247,2018-10-29,0
437,LCI-2752,henry.hom,247,2018-10-29,0
438,LCI-2754,henry.hom,247,2018-10-29,0
439,LCI-2755,henry.hom,247,2018-10-29,0
440,IO-1011,henry.hom,247,2018-10-30,0
441,IO-857,henry.hom,247,2018-10-30,0
442,IO-1036,henry.hom,247,2018-10-30,3
443,IO-1037,henry.hom,247,2018-10-30,3
444,IO-1085,henry.hom,247,2018-10-30,3
445,BUILD-19733,henry.hom,247,2018-10-30,4
446,IO-1033,henry.hom,247,2018-10-30,4
447,IO-1034,henry.hom,247,2018-10-30,4
448,IO-1116,henry.hom,247,2018-10-30,4
449,IO-1103,henry.hom,247,2018-10-30,6
450,IO-1104,henry.hom,247,2018-10-30,6
451,BUILD-19277,henry.hom,247,2018-10-30,0
452,ENGR-2469,henry.hom,247,2018-10-30,0
453,ENGR-2544,henry.hom,247,2018-10-30,0
454,IO-1011,henry.hom,247,2018-10-31,0
455,IO-1138,henry.hom,247,2018-10-31,0
456,IO-1139,henry.hom,247,2018-10-31,0
457,IO-1143,henry.hom,247,2018-10-31,0
458,BUILD-19926,henry.hom,247,2018-10-31,1
459,BUILD-19733,henry.hom,247,2018-11-01,0
460,BUILD-19926,henry.hom,247,2018-11-01,0
461,IO-1139,henry.hom,247,2018-11-01,0
462,IO-1143,henry.hom,247,2018-11-01,0
463,IO-857,henry.hom,247,2018-11-01,0
464,PREDM-1694,henry.hom,247,2018-11-01,0
465,BUILD-19926,henry.hom,247,2018-11-02,0
466,IO-1143,henry.hom,247,2018-11-02,0
467,PREDM-1694,henry.hom,247,2018-11-02,0
468,PREDM-1767,henry.hom,247,2018-11-02,0
469,IO-1147,henry.hom,247,2018-11-05,0
470,BUILD-20060,henry.hom,247,2018-11-05,0
471,IO-1011,henry.hom,247,2018-11-06,0
472,IO-1138,henry.hom,247,2018-11-06,0
473,PREDM-1767,henry.hom,247,2018-11-06,0
474,BUILD-20060,henry.hom,247,2018-11-06,0
475,IO-1138,henry.hom,247,2018-11-07,0
476,IO-1147,henry.hom,247,2018-11-07,0
477,LCI-2748,henry.hom,247,2018-11-07,0
478,LCI-2753,henry.hom,247,2018-11-07,0
479,PREDM-1767,henry.hom,247,2018-11-07,0
480,LCI-2754,henry.hom,247,2018-11-07,0
481,IO-1147,henry.hom,247,2018-11-08,0
484,BUILD-13887,jinyan.liu,242,2018-08-20,0
485,RESSMB-7239,jinyan.liu,242,2018-08-20,2
486,RESSMB-7126,jinyan.liu,242,2018-08-20,3
487,TRAIN-429,jinyan.liu,242,2018-08-20,4
488,ENGR-2027,jinyan.liu,242,2018-08-20,5
489,ENGR-2162,jinyan.liu,242,2018-08-20,8
490,TRAIN-427,jinyan.liu,242,2018-08-20,8
491,TRAIN-428,jinyan.liu,242,2018-08-20,8
492,UI-4244,jinyan.liu,242,2018-08-20,8
493,ENGR-2257,jinyan.liu,242,2018-08-20,0
494,ENGR-2027,jinyan.liu,242,2018-08-21,0
495,TRAIN-427,jinyan.liu,242,2018-08-21,0
496,TRAIN-428,jinyan.liu,242,2018-08-21,0
497,BUILD-13887,jinyan.liu,242,2018-08-22,0
498,RESSMB-7126,jinyan.liu,242,2018-08-22,0
499,TRAIN-427,jinyan.liu,242,2018-08-22,0
500,TRAIN-428,jinyan.liu,242,2018-08-22,0
501,RESSMB-7126,jinyan.liu,242,2018-08-23,0
502,RESSMB-7239,jinyan.liu,242,2018-08-23,0
503,TRAIN-429,jinyan.liu,242,2018-08-23,0
504,RESSMB-7239,jinyan.liu,242,2018-08-24,0
505,RESSMB-7317,jinyan.liu,242,2018-08-24,16
506,RESSMB-7317,jinyan.liu,242,2018-08-27,0
507,RESSMB-7126,jinyan.liu,242,2018-08-28,0
508,RESSMB-7317,jinyan.liu,242,2018-08-28,0
509,TRAIN-427,jinyan.liu,242,2018-08-28,0
510,TRAIN-428,jinyan.liu,242,2018-08-28,0
511,TRAIN-429,jinyan.liu,242,2018-08-28,0
512,ENGR-2162,jinyan.liu,242,2018-08-29,0
513,RESSMB-7239,jinyan.liu,242,2018-08-29,0
514,RESSMB-7317,jinyan.liu,242,2018-08-29,0
515,ENGR-2162,jinyan.liu,242,2018-08-30,0
516,RESSMB-7317,jinyan.liu,242,2018-08-30,0
517,UI-4244,jinyan.liu,242,2018-08-30,0
518,ENGR-2162,jinyan.liu,242,2018-08-31,0
519,RESSMB-7239,jinyan.liu,242,2018-08-31,0
520,TRAIN-427,jinyan.liu,242,2018-08-31,0
521,TRAIN-428,jinyan.liu,242,2018-08-31,0
522,UI-4244,jinyan.liu,242,2018-08-31,0
523,BUILD-15935,jinyan.liu,242,2018-09-03,0
524,ENGR-2162,jinyan.liu,242,2018-09-04,0
525,RESSMB-7239,jinyan.liu,242,2018-09-04,0
526,TRAIN-427,jinyan.liu,242,2018-09-04,0
527,TRAIN-428,jinyan.liu,242,2018-09-04,0
528,TRAIN-429,jinyan.liu,242,2018-09-04,0
529,UI-4244,jinyan.liu,242,2018-09-04,0
530,BUILD-15935,jinyan.liu,242,2018-09-04,0
531,ENGR-2162,jinyan.liu,242,2018-09-05,0
532,BUILD-13887,jinyan.liu,242,2018-09-12,0
533,RESSMB-7327,jinyan.liu,243,2018-09-04,4
534,RESSMB-7332,jinyan.liu,243,2018-09-04,4
535,ENGR-2027,jinyan.liu,243,2018-09-04,5
536,LCI-2659,jinyan.liu,243,2018-09-04,6
537,LCI-2596,jinyan.liu,243,2018-09-04,8
538,PREDM-1698,jinyan.liu,243,2018-09-04,8
539,BUILD-15935,jinyan.liu,243,2018-09-04,0
540,LCI-2648,jinyan.liu,243,2018-09-04,0
541,PLAT-14121,jinyan.liu,243,2018-09-04,0
542,PREDM-1699,jinyan.liu,243,2018-09-04,0
543,PREDM-1701,jinyan.liu,243,2018-09-04,0
544,PREDM-1702,jinyan.liu,243,2018-09-04,0
545,PREDM-1703,jinyan.liu,243,2018-09-04,0
546,PREDM-1704,jinyan.liu,243,2018-09-04,0
547,LCI-2596,jinyan.liu,243,2018-09-05,0
548,ENGR-2284,jinyan.liu,243,2018-09-05,3
549,ENGR-2285,jinyan.liu,243,2018-09-05,3
550,IO-959,jinyan.liu,243,2018-09-05,3
551,IO-961,jinyan.liu,243,2018-09-05,3
552,RESSMB-7126,jinyan.liu,243,2018-09-05,3
553,RESSMB-7335,jinyan.liu,243,2018-09-05,4
554,RESSMB-7317,jinyan.liu,243,2018-09-05,16
555,BUILD-15935,jinyan.liu,243,2018-09-05,0
556,IO-955,jinyan.liu,243,2018-09-05,0
557,LCI-2648,jinyan.liu,243,2018-09-05,0
558,LCI-2596,jinyan.liu,243,2018-09-06,0
559,RESSMB-7327,jinyan.liu,243,2018-09-06,0
560,RESSMB-7335,jinyan.liu,243,2018-09-06,0
561,BUILD-15935,jinyan.liu,243,2018-09-06,0
562,LCI-2659,jinyan.liu,243,2018-09-07,0
563,RESSMB-7327,jinyan.liu,243,2018-09-07,0
564,RESSMB-7332,jinyan.liu,243,2018-09-07,0
565,LCI-2659,jinyan.liu,243,2018-09-10,0
566,PREDM-1698,jinyan.liu,243,2018-09-10,0
567,RESSMB-7327,jinyan.liu,243,2018-09-10,0
568,RESSMB-7332,jinyan.liu,243,2018-09-10,0
569,RESSMB-7335,jinyan.liu,243,2018-09-10,0
570,LCI-2675,jinyan.liu,243,2018-09-10,1
571,LCI-2676,jinyan.liu,243,2018-09-10,1
572,IO-959,jinyan.liu,243,2018-09-11,0
573,LCI-2659,jinyan.liu,243,2018-09-11,0
574,LCI-2675,jinyan.liu,243,2018-09-11,0
575,LCI-2676,jinyan.liu,243,2018-09-11,0
576,PREDM-1698,jinyan.liu,243,2018-09-11,0
577,RESSMB-7332,jinyan.liu,243,2018-09-11,0
578,RESSMB-7335,jinyan.liu,243,2018-09-11,0
579,ENGR-2284,jinyan.liu,243,2018-09-12,0
580,ENGR-2285,jinyan.liu,243,2018-09-12,0
581,IO-959,jinyan.liu,243,2018-09-12,0
582,IO-961,jinyan.liu,243,2018-09-12,0
583,PREDM-1698,jinyan.liu,243,2018-09-12,0
584,BUILD-15935,jinyan.liu,243,2018-09-12,0
585,ENGR-2284,jinyan.liu,243,2018-09-13,0
586,ENGR-2285,jinyan.liu,243,2018-09-13,0
587,PREDM-1698,jinyan.liu,243,2018-09-13,0
588,ENGR-2027,jinyan.liu,243,2018-09-14,0
589,ENGR-2284,jinyan.liu,243,2018-09-14,0
590,ENGR-2285,jinyan.liu,243,2018-09-14,0
591,IO-959,jinyan.liu,243,2018-09-14,0
592,IO-961,jinyan.liu,243,2018-09-14,0
593,LCI-2596,jinyan.liu,243,2018-09-14,0
594,RESSMB-7126,jinyan.liu,243,2018-09-14,0
595,RESSMB-7317,jinyan.liu,243,2018-09-14,0
596,UI-4282,jinyan.liu,243,2018-09-14,8
597,BUILD-15935,jinyan.liu,243,2018-09-14,0
598,ENGR-2027,jinyan.liu,243,2018-09-17,0
599,IO-959,jinyan.liu,243,2018-09-17,0
600,IO-961,jinyan.liu,243,2018-09-17,0
601,UI-4282,jinyan.liu,243,2018-09-17,0
602,BUILD-16647,jinyan.liu,243,2018-09-17,0
603,ENGR-2378,jinyan.liu,244,2018-09-17,2
604,IO-854,jinyan.liu,244,2018-09-17,2
605,IO-980,jinyan.liu,244,2018-09-17,2
606,ENGR-2367,jinyan.liu,244,2018-09-17,4
607,ENGR-2382,jinyan.liu,244,2018-09-17,4
608,IO-863,jinyan.liu,244,2018-09-17,4
609,IO-876,jinyan.liu,244,2018-09-17,4
610,IO-931,jinyan.liu,244,2018-09-17,4
611,IO-973,jinyan.liu,244,2018-09-17,4
612,IO-855,jinyan.liu,244,2018-09-17,6
613,IO-859,jinyan.liu,244,2018-09-17,6
614,ENGR-2363,jinyan.liu,244,2018-09-17,8
615,IO-989,jinyan.liu,244,2018-09-17,8
616,IO-862,jinyan.liu,244,2018-09-17,0
617,UI-4348,jinyan.liu,244,2018-09-17,0
618,ENGR-2378,jinyan.liu,244,2018-09-18,0
619,IO-854,jinyan.liu,244,2018-09-18,0
620,IO-855,jinyan.liu,244,2018-09-18,0
621,IO-931,jinyan.liu,244,2018-09-18,0
622,IO-980,jinyan.liu,244,2018-09-18,0
623,IO-989,jinyan.liu,244,2018-09-18,0
624,LCI-2675,jinyan.liu,244,2018-09-18,1
625,LCI-2676,jinyan.liu,244,2018-09-18,1
626,RESSMB-7327,jinyan.liu,244,2018-09-18,4
627,RESSMB-7332,jinyan.liu,244,2018-09-18,4
628,RESSMB-7335,jinyan.liu,244,2018-09-18,4
629,LCI-2659,jinyan.liu,244,2018-09-18,6
630,PREDM-1698,jinyan.liu,244,2018-09-18,8
631,IO-854,jinyan.liu,244,2018-09-19,0
632,IO-855,jinyan.liu,244,2018-09-19,0
633,IO-863,jinyan.liu,244,2018-09-19,0
634,IO-876,jinyan.liu,244,2018-09-19,0
635,IO-931,jinyan.liu,244,2018-09-19,0
636,IO-973,jinyan.liu,244,2018-09-19,0
637,IO-980,jinyan.liu,244,2018-09-19,0
638,IO-989,jinyan.liu,244,2018-09-19,0
639,BUILD-12584,jinyan.liu,244,2018-09-19,0
640,IO-854,jinyan.liu,244,2018-09-20,0
641,IO-855,jinyan.liu,244,2018-09-20,0
642,IO-931,jinyan.liu,244,2018-09-20,0
643,IO-980,jinyan.liu,244,2018-09-20,0
644,IO-989,jinyan.liu,244,2018-09-20,0
645,BUILD-12596,jinyan.liu,244,2018-09-20,0
646,IO-855,jinyan.liu,244,2018-09-21,0
647,IO-989,jinyan.liu,244,2018-09-21,0
648,BUILD-12586,jinyan.liu,244,2018-09-21,0
649,LCI-2659,jinyan.liu,244,2018-09-22,0
650,LCI-2675,jinyan.liu,244,2018-09-22,0
651,LCI-2676,jinyan.liu,244,2018-09-22,0
652,RESSMB-7327,jinyan.liu,244,2018-09-22,0
653,RESSMB-7332,jinyan.liu,244,2018-09-22,0
654,RESSMB-7335,jinyan.liu,244,2018-09-22,0
655,ENGR-2378,jinyan.liu,244,2018-09-24,0
656,IO-855,jinyan.liu,244,2018-09-24,0
657,IO-859,jinyan.liu,244,2018-09-24,0
658,IO-863,jinyan.liu,244,2018-09-24,0
659,IO-973,jinyan.liu,244,2018-09-24,0
660,IO-989,jinyan.liu,244,2018-09-24,0
661,IO-855,jinyan.liu,244,2018-09-25,0
662,IO-859,jinyan.liu,244,2018-09-25,0
663,IO-863,jinyan.liu,244,2018-09-25,0
664,IO-876,jinyan.liu,244,2018-09-25,0
665,IO-931,jinyan.liu,244,2018-09-25,0
666,IO-973,jinyan.liu,244,2018-09-25,0
667,IO-989,jinyan.liu,244,2018-09-25,0
668,UI-4348,jinyan.liu,244,2018-09-25,0
669,ENGR-2367,jinyan.liu,244,2018-09-26,0
670,IO-859,jinyan.liu,244,2018-09-26,0
671,IO-863,jinyan.liu,244,2018-09-26,0
672,IO-876,jinyan.liu,244,2018-09-26,0
673,IO-973,jinyan.liu,244,2018-09-26,0
674,IO-859,jinyan.liu,244,2018-09-27,0
675,IO-876,jinyan.liu,244,2018-09-27,0
676,EXC-15393,jinyan.liu,244,2018-09-27,4
677,ENGR-2363,jinyan.liu,244,2018-09-28,0
678,ENGR-2367,jinyan.liu,244,2018-09-28,0
679,EXC-15393,jinyan.liu,244,2018-09-28,0
680,IO-855,jinyan.liu,244,2018-09-28,0
681,IO-859,jinyan.liu,244,2018-09-28,0
682,IO-863,jinyan.liu,244,2018-09-28,0
683,IO-876,jinyan.liu,244,2018-09-28,0
684,IO-973,jinyan.liu,244,2018-09-28,0
685,IO-989,jinyan.liu,244,2018-09-28,0
686,EXC-15393,jinyan.liu,244,2018-09-29,0
687,LCI-2659,jinyan.liu,244,2018-09-30,0
688,ENGR-2363,jinyan.liu,244,2018-10-01,0
689,ENGR-2382,jinyan.liu,244,2018-10-01,0
690,LCI-2675,jinyan.liu,244,2018-10-01,0
691,LCI-2676,jinyan.liu,244,2018-10-01,0
692,RESSMB-7327,jinyan.liu,244,2018-10-01,0
693,RESSMB-7332,jinyan.liu,244,2018-10-01,0
694,RESSMB-7335,jinyan.liu,244,2018-10-01,0
695,PREDM-1698,jinyan.liu,244,2018-10-02,0
696,IO-855,jinyan.liu,244,2018-10-12,0
697,IO-989,jinyan.liu,244,2018-10-12,0
698,IO-859,jinyan.liu,244,2018-11-08,0
699,IO-1066,jinyan.liu,245,2018-10-01,0.5
700,IO-1067,jinyan.liu,245,2018-10-01,0.5
701,IO-1068,jinyan.liu,245,2018-10-01,0.5
702,IO-1074,jinyan.liu,245,2018-10-01,0.5
703,IO-1076,jinyan.liu,245,2018-10-01,0.5
704,IO-1077,jinyan.liu,245,2018-10-01,0.5
705,IO-1078,jinyan.liu,245,2018-10-01,0.5
706,IO-1079,jinyan.liu,245,2018-10-01,0.5
707,IO-1091,jinyan.liu,245,2018-10-01,0.5
708,IO-1028,jinyan.liu,245,2018-10-01,1
709,IO-1060,jinyan.liu,245,2018-10-01,1
710,IO-1025,jinyan.liu,245,2018-10-01,2
711,IO-1092,jinyan.liu,245,2018-10-01,2
712,ENGR-2398,jinyan.liu,245,2018-10-01,3
713,IO-1024,jinyan.liu,245,2018-10-01,3
714,ENGR-2443,jinyan.liu,245,2018-10-01,3.5
715,BUILD-17292,jinyan.liu,245,2018-10-01,4
716,ENGR-2437,jinyan.liu,245,2018-10-01,4
717,IO-1026,jinyan.liu,245,2018-10-01,4
718,IO-1029,jinyan.liu,245,2018-10-01,4
719,IO-1032,jinyan.liu,245,2018-10-01,4
720,IO-1083,jinyan.liu,245,2018-10-01,4
721,IO-973,jinyan.liu,245,2018-10-01,4
722,PREDM-1719,jinyan.liu,245,2018-10-01,4
723,PREDM-1726,jinyan.liu,245,2018-10-01,4
724,ENGR-2399,jinyan.liu,245,2018-10-01,0
725,IO-1008,jinyan.liu,245,2018-10-01,0
726,IO-1059,jinyan.liu,245,2018-10-01,0
727,BUILD-17292,jinyan.liu,245,2018-10-02,0
728,IO-859,jinyan.liu,245,2018-10-02,6
729,BUILD-17292,jinyan.liu,245,2018-10-03,0
730,IO-1066,jinyan.liu,245,2018-10-03,0
731,IO-1067,jinyan.liu,245,2018-10-03,0
732,IO-1068,jinyan.liu,245,2018-10-03,0
733,IO-1074,jinyan.liu,245,2018-10-03,0
734,IO-1076,jinyan.liu,245,2018-10-03,0
735,IO-1077,jinyan.liu,245,2018-10-03,0
736,IO-1078,jinyan.liu,245,2018-10-03,0
737,IO-1079,jinyan.liu,245,2018-10-03,0
738,IO-1083,jinyan.liu,245,2018-10-03,0
739,PREDM-1719,jinyan.liu,245,2018-10-03,0
740,PREDM-1726,jinyan.liu,245,2018-10-03,0
741,BUILD-17729,jinyan.liu,245,2018-10-03,0.5
742,BUILD-17292,jinyan.liu,245,2018-10-04,0
743,BUILD-17729,jinyan.liu,245,2018-10-04,0
744,IO-1028,jinyan.liu,245,2018-10-04,0
745,IO-1066,jinyan.liu,245,2018-10-04,0
746,IO-1067,jinyan.liu,245,2018-10-04,0
747,IO-1068,jinyan.liu,245,2018-10-04,0
748,IO-1074,jinyan.liu,245,2018-10-04,0
749,IO-1076,jinyan.liu,245,2018-10-04,0
750,IO-1083,jinyan.liu,245,2018-10-04,0
751,IO-1091,jinyan.liu,245,2018-10-04,0
752,IO-1092,jinyan.liu,245,2018-10-04,0
753,PREDM-1719,jinyan.liu,245,2018-10-04,0
754,BUILD-17292,jinyan.liu,245,2018-10-05,0
755,IO-1025,jinyan.liu,245,2018-10-05,0
756,IO-1028,jinyan.liu,245,2018-10-05,0
757,IO-1032,jinyan.liu,245,2018-10-05,0
758,IO-1066,jinyan.liu,245,2018-10-05,0
759,IO-1067,jinyan.liu,245,2018-10-05,0
760,IO-1068,jinyan.liu,245,2018-10-05,0
761,IO-1076,jinyan.liu,245,2018-10-05,0
762,IO-1077,jinyan.liu,245,2018-10-05,0
763,IO-1078,jinyan.liu,245,2018-10-05,0
764,IO-1079,jinyan.liu,245,2018-10-05,0
765,IO-1083,jinyan.liu,245,2018-10-05,0
766,IO-1091,jinyan.liu,245,2018-10-05,0
767,IO-1092,jinyan.liu,245,2018-10-05,0
768,IO-973,jinyan.liu,245,2018-10-05,0
769,PREDM-1726,jinyan.liu,245,2018-10-05,0
770,BUILD-18002,jinyan.liu,245,2018-10-05,4
771,ENGR-2399,jinyan.liu,245,2018-10-05,0
772,BUILD-18002,jinyan.liu,245,2018-10-06,0
773,IO-1032,jinyan.liu,245,2018-10-06,0
774,IO-1032,jinyan.liu,245,2018-10-08,0
775,IO-1083,jinyan.liu,245,2018-10-08,0
776,IO-973,jinyan.liu,245,2018-10-08,0
777,IO-1045,jinyan.liu,245,2018-10-08,4
778,IO-1089,jinyan.liu,245,2018-10-08,4
779,ENGR-2437,jinyan.liu,245,2018-10-09,0
780,IO-1024,jinyan.liu,245,2018-10-09,0
781,IO-1029,jinyan.liu,245,2018-10-09,0
782,IO-1032,jinyan.liu,245,2018-10-09,0
783,IO-1045,jinyan.liu,245,2018-10-09,0
784,IO-1089,jinyan.liu,245,2018-10-09,0
785,IO-1024,jinyan.liu,245,2018-10-10,0
786,IO-1025,jinyan.liu,245,2018-10-10,0
787,IO-1029,jinyan.liu,245,2018-10-10,0
788,IO-1032,jinyan.liu,245,2018-10-10,0
789,IO-1082,jinyan.liu,245,2018-10-10,3.5
790,IO-1093,jinyan.liu,245,2018-10-10,4
791,BUILD-17292,jinyan.liu,245,2018-10-11,0
792,BUILD-18002,jinyan.liu,245,2018-10-11,0
793,IO-1024,jinyan.liu,245,2018-10-11,0
794,IO-1025,jinyan.liu,245,2018-10-11,0
795,IO-1029,jinyan.liu,245,2018-10-11,0
796,IO-1082,jinyan.liu,245,2018-10-11,0
797,IO-1093,jinyan.liu,245,2018-10-11,0
798,ENGR-2398,jinyan.liu,245,2018-10-12,0
799,ENGR-2437,jinyan.liu,245,2018-10-12,0
800,ENGR-2443,jinyan.liu,245,2018-10-12,0
801,IO-1060,jinyan.liu,245,2018-10-12,0
802,IO-1074,jinyan.liu,245,2018-10-12,0
803,IO-1082,jinyan.liu,245,2018-10-12,0
804,IO-1093,jinyan.liu,245,2018-10-12,0
805,IO-859,jinyan.liu,245,2018-10-12,0
806,PREDM-1719,jinyan.liu,245,2018-10-12,0
807,PREDM-1726,jinyan.liu,245,2018-10-12,0
808,ENGR-2508,jinyan.liu,245,2018-10-12,3
809,ENGR-2437,jinyan.liu,245,2018-10-15,0
810,ENGR-2508,jinyan.liu,245,2018-10-15,0
811,IO-1024,jinyan.liu,245,2018-10-15,0
812,IO-1025,jinyan.liu,245,2018-10-15,0
813,IO-1028,jinyan.liu,245,2018-10-15,0
814,IO-1029,jinyan.liu,245,2018-10-15,0
815,IO-1045,jinyan.liu,245,2018-10-15,0
816,IO-1060,jinyan.liu,245,2018-10-15,0
817,IO-1066,jinyan.liu,245,2018-10-15,0
818,IO-1067,jinyan.liu,245,2018-10-15,0
819,IO-1068,jinyan.liu,245,2018-10-15,0
820,IO-1074,jinyan.liu,245,2018-10-15,0
821,IO-1076,jinyan.liu,245,2018-10-15,0
822,IO-1077,jinyan.liu,245,2018-10-15,0
823,IO-1078,jinyan.liu,245,2018-10-15,0
824,IO-1079,jinyan.liu,245,2018-10-15,0
825,IO-1082,jinyan.liu,245,2018-10-15,0
826,IO-1083,jinyan.liu,245,2018-10-15,0
827,IO-1089,jinyan.liu,245,2018-10-15,0
828,IO-1091,jinyan.liu,245,2018-10-15,0
829,IO-1093,jinyan.liu,245,2018-10-15,0
830,IO-973,jinyan.liu,245,2018-10-15,0
831,ENGR-2537,jinyan.liu,246,2018-10-15,1
832,ENGR-2549,jinyan.liu,246,2018-10-15,2
833,IO-1099,jinyan.liu,246,2018-10-15,2
834,IO-1102,jinyan.liu,246,2018-10-15,2
835,PREDM-1759,jinyan.liu,246,2018-10-15,2
836,ENGR-2522,jinyan.liu,246,2018-10-15,3
837,ENGR-2523,jinyan.liu,246,2018-10-15,3
838,ENGR-2524,jinyan.liu,246,2018-10-15,3
839,ENGR-2539,jinyan.liu,246,2018-10-15,3
840,IO-1027,jinyan.liu,246,2018-10-15,3
841,IO-1052,jinyan.liu,246,2018-10-15,3
842,IO-1053,jinyan.liu,246,2018-10-15,3
843,IO-1114,jinyan.liu,246,2018-10-15,3
844,IO-1115,jinyan.liu,246,2018-10-15,3
845,IO-1117,jinyan.liu,246,2018-10-15,3
846,IO-1118,jinyan.liu,246,2018-10-15,3
847,IO-1026,jinyan.liu,246,2018-10-15,4
848,IO-1049,jinyan.liu,246,2018-10-15,4
849,IO-1050,jinyan.liu,246,2018-10-15,4
850,PREDM-1757,jinyan.liu,246,2018-10-15,4
851,IO-1108,jinyan.liu,246,2018-10-15,5
852,IO-859,jinyan.liu,246,2018-10-15,6
853,ENGR-2548,jinyan.liu,246,2018-10-15,0
854,ENGR-2550,jinyan.liu,246,2018-10-15,0
855,ENGR-2551,jinyan.liu,246,2018-10-15,0
856,ENGR-2553,jinyan.liu,246,2018-10-15,0
857,IO-1049,jinyan.liu,246,2018-10-16,0
858,IO-1050,jinyan.liu,246,2018-10-16,0
859,IO-1052,jinyan.liu,246,2018-10-16,0
860,IO-1053,jinyan.liu,246,2018-10-16,0
861,IO-1117,jinyan.liu,246,2018-10-16,0
862,IO-859,jinyan.liu,246,2018-10-16,0
863,BUILD-18625,jinyan.liu,246,2018-10-16,4
864,IO-1049,jinyan.liu,246,2018-10-17,0
865,IO-1050,jinyan.liu,246,2018-10-17,0
866,IO-1052,jinyan.liu,246,2018-10-17,0
867,PREDM-1757,jinyan.liu,246,2018-10-17,0
868,IO-1053,jinyan.liu,246,2018-10-18,0
869,PREDM-1757,jinyan.liu,246,2018-10-18,0
870,PREDM-1759,jinyan.liu,246,2018-10-18,0
871,ENGR-2443,jinyan.liu,246,2018-10-18,3.5
872,ENGR-2550,jinyan.liu,246,2018-10-18,0
873,BUILD-18625,jinyan.liu,246,2018-10-19,0
874,ENGR-2443,jinyan.liu,246,2018-10-19,0
875,IO-1026,jinyan.liu,246,2018-10-19,0
876,IO-1049,jinyan.liu,246,2018-10-19,0
877,IO-1050,jinyan.liu,246,2018-10-19,0
878,IO-1052,jinyan.liu,246,2018-10-19,0
879,IO-1053,jinyan.liu,246,2018-10-19,0
880,IO-1115,jinyan.liu,246,2018-10-19,0
881,IO-1117,jinyan.liu,246,2018-10-19,0
882,IO-859,jinyan.liu,246,2018-10-19,0
883,PREDM-1759,jinyan.liu,246,2018-10-19,0
884,IO-1026,jinyan.liu,246,2018-10-22,0
885,IO-1115,jinyan.liu,246,2018-10-22,0
886,LCI-2736,jinyan.liu,246,2018-10-22,2
887,IO-1099,jinyan.liu,246,2018-10-23,0
888,IO-1102,jinyan.liu,246,2018-10-23,0
889,ENGR-2443,jinyan.liu,246,2018-10-24,0
890,ENGR-2523,jinyan.liu,246,2018-10-24,0
891,ENGR-2524,jinyan.liu,246,2018-10-24,0
892,IO-1026,jinyan.liu,246,2018-10-24,0
893,IO-1102,jinyan.liu,246,2018-10-24,0
894,BUILD-19330,jinyan.liu,246,2018-10-24,4
895,BUILD-19330,jinyan.liu,246,2018-10-25,0
896,ENGR-2443,jinyan.liu,246,2018-10-25,0
897,ENGR-2522,jinyan.liu,246,2018-10-25,0
898,ENGR-2523,jinyan.liu,246,2018-10-25,0
899,ENGR-2524,jinyan.liu,246,2018-10-25,0
900,ENGR-2537,jinyan.liu,246,2018-10-25,0
901,IO-1099,jinyan.liu,246,2018-10-25,0
902,IO-859,jinyan.liu,246,2018-10-25,0
903,LCI-2736,jinyan.liu,246,2018-10-25,0
904,BUILD-12594,jinyan.liu,246,2018-10-25,0
905,ENGR-2522,jinyan.liu,246,2018-10-26,0
906,ENGR-2523,jinyan.liu,246,2018-10-26,0
907,ENGR-2524,jinyan.liu,246,2018-10-26,0
908,ENGR-2539,jinyan.liu,246,2018-10-26,0
909,ENGR-2549,jinyan.liu,246,2018-10-26,0
910,IO-1026,jinyan.liu,246,2018-10-26,0
911,LCI-2736,jinyan.liu,246,2018-10-26,0
912,IO-1132,jinyan.liu,246,2018-10-26,3
913,ENGR-2539,jinyan.liu,246,2018-10-27,0
914,IO-1099,jinyan.liu,246,2018-10-27,0
915,IO-1118,jinyan.liu,246,2018-10-27,0
916,PREDM-1757,jinyan.liu,246,2018-10-27,0
917,PREDM-1759,jinyan.liu,246,2018-10-27,0
918,BUILD-12671,jinyan.liu,246,2018-10-27,0
919,ENGR-2550,jinyan.liu,246,2018-10-27,0
920,IO-1132,jinyan.liu,246,2018-10-28,0
921,BUILD-18625,jinyan.liu,246,2018-10-29,0
922,IO-1026,jinyan.liu,246,2018-10-29,0
923,IO-1049,jinyan.liu,246,2018-10-29,0
924,IO-1050,jinyan.liu,246,2018-10-29,0
925,IO-1052,jinyan.liu,246,2018-10-29,0
926,IO-1053,jinyan.liu,246,2018-10-29,0
927,IO-1102,jinyan.liu,246,2018-10-29,0
928,IO-1115,jinyan.liu,246,2018-10-29,0
929,IO-1117,jinyan.liu,246,2018-10-29,0
930,IO-1118,jinyan.liu,246,2018-10-29,0
931,IO-1132,jinyan.liu,246,2018-10-29,0
932,ENGR-2550,jinyan.liu,246,2018-10-29,0
933,ENGR-2551,jinyan.liu,246,2018-10-29,0
934,IO-1049,jinyan.liu,246,2018-11-07,0
935,IO-1050,jinyan.liu,246,2018-11-07,0
936,IO-1052,jinyan.liu,246,2018-11-07,0
937,IO-1053,jinyan.liu,246,2018-11-07,0
938,IO-1117,jinyan.liu,246,2018-11-07,0
939,ENGR-2616,jinyan.liu,247,2018-10-29,1
940,IO-1133,jinyan.liu,247,2018-10-29,1
941,IO-1027,jinyan.liu,247,2018-10-29,3
942,IO-1035,jinyan.liu,247,2018-10-29,3
943,IO-1107,jinyan.liu,247,2018-10-29,3
944,IO-1114,jinyan.liu,247,2018-10-29,3
945,IO-1132,jinyan.liu,247,2018-10-29,3
946,IO-1146,jinyan.liu,247,2018-10-29,3
947,ENGR-2614,jinyan.liu,247,2018-10-29,4
948,LCI-2757,jinyan.liu,247,2018-10-29,4
949,IO-1108,jinyan.liu,247,2018-10-29,5
950,IO-1152,jinyan.liu,247,2018-10-29,5
951,BUILD-17985,jinyan.liu,247,2018-10-29,6
952,IO-859,jinyan.liu,247,2018-10-29,6
953,LCI-2758,jinyan.liu,247,2018-10-29,6
954,ENGR-2612,jinyan.liu,247,2018-10-29,8
955,ENGR-2553,jinyan.liu,247,2018-10-29,0
956,PREDM-1770,jinyan.liu,247,2018-10-29,0
957,PREDM-1771,jinyan.liu,247,2018-10-29,0
958,BUILD-17985,jinyan.liu,247,2018-10-30,0
959,ENGR-2612,jinyan.liu,247,2018-10-30,0
960,IO-1132,jinyan.liu,247,2018-10-30,0
961,BUILD-17985,jinyan.liu,247,2018-10-31,0
962,ENGR-2612,jinyan.liu,247,2018-10-31,0
963,IO-1027,jinyan.liu,247,2018-10-31,0
964,IO-1132,jinyan.liu,247,2018-10-31,0
965,IO-1154,jinyan.liu,247,2018-10-31,1
966,BUILD-19864,jinyan.liu,247,2018-10-31,4
967,BUILD-17985,jinyan.liu,247,2018-11-01,0
968,BUILD-19864,jinyan.liu,247,2018-11-01,0
969,ENGR-2612,jinyan.liu,247,2018-11-01,0
970,IO-1027,jinyan.liu,247,2018-11-01,0
971,IO-1107,jinyan.liu,247,2018-11-01,0
972,IO-1114,jinyan.liu,247,2018-11-01,0
973,IO-1132,jinyan.liu,247,2018-11-01,0
974,BUILD-19963,jinyan.liu,247,2018-11-01,4
975,IO-1107,jinyan.liu,247,2018-11-02,0
976,IO-1114,jinyan.liu,247,2018-11-02,0
977,IO-1146,jinyan.liu,247,2018-11-02,0
978,BUILD-19864,jinyan.liu,247,2018-11-04,0
979,IO-1035,jinyan.liu,247,2018-11-04,0
980,IO-1107,jinyan.liu,247,2018-11-04,0
981,IO-1114,jinyan.liu,247,2018-11-04,0
982,IO-1146,jinyan.liu,247,2018-11-04,0
983,IO-1152,jinyan.liu,247,2018-11-04,0
984,IO-859,jinyan.liu,247,2018-11-04,0
985,IO-1027,jinyan.liu,247,2018-11-06,0
986,IO-1035,jinyan.liu,247,2018-11-06,0
987,IO-1107,jinyan.liu,247,2018-11-06,0
988,IO-1108,jinyan.liu,247,2018-11-06,0
989,IO-1114,jinyan.liu,247,2018-11-06,0
990,IO-1133,jinyan.liu,247,2018-11-06,0
991,IO-1146,jinyan.liu,247,2018-11-06,0
992,IO-1152,jinyan.liu,247,2018-11-06,0
993,LCI-2757,jinyan.liu,247,2018-11-06,0
994,ENGR-2553,jinyan.liu,247,2018-11-06,0
995,ENGR-2612,jinyan.liu,247,2018-11-07,0
996,ENGR-2616,jinyan.liu,247,2018-11-07,0
997,IO-1027,jinyan.liu,247,2018-11-07,0
998,IO-1035,jinyan.liu,247,2018-11-07,0
999,IO-1107,jinyan.liu,247,2018-11-07,0
1000,IO-1108,jinyan.liu,247,2018-11-07,0
1001,IO-1114,jinyan.liu,247,2018-11-07,0
1002,IO-1133,jinyan.liu,247,2018-11-07,0
1003,IO-1146,jinyan.liu,247,2018-11-07,0
1004,IO-1152,jinyan.liu,247,2018-11-07,0
1005,IO-1154,jinyan.liu,247,2018-11-07,0
1006,LCI-2757,jinyan.liu,247,2018-11-07,0
1007,BUILD-17985,jinyan.liu,247,2018-11-08,0
1008,BUILD-19963,jinyan.liu,247,2018-11-08,0
1009,ENGR-2612,jinyan.liu,247,2018-11-08,0
1010,ENGR-2614,jinyan.liu,247,2018-11-08,0
1011,IO-1108,jinyan.liu,247,2018-11-08,0
1012,IO-1133,jinyan.liu,247,2018-11-08,0
1013,LCI-2757,jinyan.liu,247,2018-11-08,0
1014,LCI-2757,jinyan.liu,247,2018-11-09,0
1015,LCI-2758,jinyan.liu,247,2018-11-09,0
1016,BUILD-14753,mohamad.arabi,242,2018-08-20,4
1017,RESSMB-7263,mohamad.arabi,242,2018-08-20,5
1018,RESSMB-7264,mohamad.arabi,242,2018-08-20,5
1019,RESSMB-7270,mohamad.arabi,242,2018-08-20,5
1020,RESSMB-7271,mohamad.arabi,242,2018-08-20,5
1021,ENGR-2212,mohamad.arabi,242,2018-08-20,6
1022,RESSMB-7240,mohamad.arabi,242,2018-08-20,12
1023,RESSMB-7269,mohamad.arabi,242,2018-08-20,0
1024,RESSMB-7264,mohamad.arabi,242,2018-08-21,0
1025,BUILD-14753,mohamad.arabi,242,2018-08-23,0
1026,RESSMB-7264,mohamad.arabi,242,2018-08-23,0
1027,BUILD-14753,mohamad.arabi,242,2018-08-24,0
1028,RESSMB-7263,mohamad.arabi,242,2018-08-24,0
1029,RESSMB-7264,mohamad.arabi,242,2018-08-24,0
1030,RESSMB-7270,mohamad.arabi,242,2018-08-24,0
1031,RESSMB-7271,mohamad.arabi,242,2018-08-24,0
1032,RESSMB-7240,mohamad.arabi,242,2018-08-27,0
1033,RESSMB-7270,mohamad.arabi,242,2018-08-27,0
1034,RESSMB-7271,mohamad.arabi,242,2018-08-27,0
1035,LCI-2614,mohamad.arabi,242,2018-08-27,4
1036,LCI-2614,mohamad.arabi,242,2018-08-28,0
1037,RESSMB-7263,mohamad.arabi,242,2018-08-28,0
1038,RESSMB-7264,mohamad.arabi,242,2018-08-28,0
1039,RESSMB-7270,mohamad.arabi,242,2018-08-28,0
1040,RESSMB-7271,mohamad.arabi,242,2018-08-28,0
1041,ENGR-2212,mohamad.arabi,242,2018-08-29,0
1042,LCI-2614,mohamad.arabi,242,2018-08-29,0
1043,ENGR-2212,mohamad.arabi,242,2018-08-30,0
1044,LCI-2614,mohamad.arabi,242,2018-08-30,0
1045,BUILD-14753,mohamad.arabi,242,2018-08-31,0
1046,ENGR-2212,mohamad.arabi,242,2018-08-31,0
1047,LCI-2614,mohamad.arabi,242,2018-08-31,0
1048,RESSMB-7240,mohamad.arabi,242,2018-08-31,0
1049,BUILD-14753,mohamad.arabi,242,2018-09-04,0
1050,ENGR-2212,mohamad.arabi,242,2018-09-04,0
1051,RESSMB-7263,mohamad.arabi,242,2018-09-04,0
1052,RESSMB-7264,mohamad.arabi,242,2018-09-04,0
1053,RESSMB-7270,mohamad.arabi,242,2018-09-04,0
1054,RESSMB-7271,mohamad.arabi,242,2018-09-04,0
1055,RESSMB-7323,mohamad.arabi,243,2018-09-04,0
1056,RESSMB-7325,mohamad.arabi,243,2018-09-04,0
1057,RESSMB-7331,mohamad.arabi,243,2018-09-04,0
1058,RESSMB-7334,mohamad.arabi,243,2018-09-04,0
1059,LCI-2616,mohamad.arabi,243,2018-09-04,8
1060,RESSMB-7240,mohamad.arabi,243,2018-09-04,12
1061,ENGR-2317,mohamad.arabi,243,2018-09-05,0
1062,RESSMB-7240,mohamad.arabi,243,2018-09-05,0
1063,LCI-2663,mohamad.arabi,243,2018-09-05,3
1064,ENGR-2310,mohamad.arabi,243,2018-09-05,0
1065,ENGR-2311,mohamad.arabi,243,2018-09-05,0
1066,LCI-2616,mohamad.arabi,243,2018-09-06,0
1067,RESSMB-7240,mohamad.arabi,243,2018-09-06,0
1068,LCI-2616,mohamad.arabi,243,2018-09-07,0
1069,RESSMB-7331,mohamad.arabi,243,2018-09-07,0
1070,RESSMB-7323,mohamad.arabi,243,2018-09-10,0
1071,RESSMB-7325,mohamad.arabi,243,2018-09-10,0
1072,RESSMB-7331,mohamad.arabi,243,2018-09-10,0
1073,RESSMB-7334,mohamad.arabi,243,2018-09-10,0
1074,LCI-2616,mohamad.arabi,243,2018-09-11,0
1075,LCI-2663,mohamad.arabi,243,2018-09-11,0
1076,LCI-2683,mohamad.arabi,243,2018-09-11,4
1077,LCI-2663,mohamad.arabi,243,2018-09-12,0
1078,LCI-2683,mohamad.arabi,243,2018-09-12,0
1079,PREDM-1709,mohamad.arabi,243,2018-09-13,10
1080,ENGR-2317,mohamad.arabi,243,2018-09-14,0
1081,LCI-2616,mohamad.arabi,243,2018-09-14,0
1082,LCI-2663,mohamad.arabi,243,2018-09-14,0
1083,PREDM-1709,mohamad.arabi,243,2018-09-14,0
1084,PREDM-1700,mohamad.arabi,243,2018-09-14,3
1085,PREDM-1710,mohamad.arabi,243,2018-09-14,8
1086,ENGR-2310,mohamad.arabi,243,2018-09-14,0
1087,PREDM-1700,mohamad.arabi,243,2018-09-15,0
1088,PREDM-1710,mohamad.arabi,243,2018-09-15,0
1089,LCI-2683,mohamad.arabi,243,2018-09-17,0
1090,BUILD-16575,mohamad.arabi,244,2018-09-17,2
1091,ENGR-2372,mohamad.arabi,244,2018-09-17,2
1092,ENGR-2384,mohamad.arabi,244,2018-09-17,3
1093,ENGR-2270,mohamad.arabi,244,2018-09-17,4
1094,IO-928,mohamad.arabi,244,2018-09-17,4
1095,IO-946,mohamad.arabi,244,2018-09-17,4
1096,IO-988,mohamad.arabi,244,2018-09-17,4
1097,IO-940,mohamad.arabi,244,2018-09-17,5
1098,IO-861,mohamad.arabi,244,2018-09-17,10
1099,IO-987,mohamad.arabi,244,2018-09-17,14
1100,ENGR-2310,mohamad.arabi,244,2018-09-17,0
1101,ENGR-2311,mohamad.arabi,244,2018-09-17,0
1102,ENGR-2270,mohamad.arabi,244,2018-09-18,0
1103,IO-928,mohamad.arabi,244,2018-09-18,0
1104,IO-946,mohamad.arabi,244,2018-09-18,0
1105,IO-988,mohamad.arabi,244,2018-09-18,0
1106,PREDM-1700,mohamad.arabi,244,2018-09-18,3
1107,PREDM-1710,mohamad.arabi,244,2018-09-18,8
1108,PREDM-1709,mohamad.arabi,244,2018-09-18,10
1109,IO-928,mohamad.arabi,244,2018-09-19,0
1110,IO-940,mohamad.arabi,244,2018-09-19,0
1111,IO-946,mohamad.arabi,244,2018-09-19,0
1112,IO-987,mohamad.arabi,244,2018-09-19,0
1113,IO-928,mohamad.arabi,244,2018-09-20,0
1114,IO-946,mohamad.arabi,244,2018-09-20,0
1115,IO-987,mohamad.arabi,244,2018-09-20,0
1116,IO-988,mohamad.arabi,244,2018-09-20,0
1117,IO-987,mohamad.arabi,244,2018-09-21,0
1118,IO-988,mohamad.arabi,244,2018-09-21,0
1119,IO-940,mohamad.arabi,244,2018-09-23,0
1120,IO-987,mohamad.arabi,244,2018-09-23,0
1121,IO-861,mohamad.arabi,244,2018-09-24,0
1122,IO-928,mohamad.arabi,244,2018-09-24,0
1123,IO-940,mohamad.arabi,244,2018-09-24,0
1124,IO-946,mohamad.arabi,244,2018-09-24,0
1125,IO-987,mohamad.arabi,244,2018-09-24,0
1126,ENGR-2270,mohamad.arabi,244,2018-09-25,0
1127,IO-861,mohamad.arabi,244,2018-09-25,0
1128,IO-940,mohamad.arabi,244,2018-09-25,0
1129,ENGR-2270,mohamad.arabi,244,2018-09-26,0
1130,ENGR-2384,mohamad.arabi,244,2018-09-26,0
1131,IO-988,mohamad.arabi,244,2018-09-26,0
1132,BUILD-17102,mohamad.arabi,244,2018-09-26,5.5
1133,BUILD-16575,mohamad.arabi,244,2018-09-27,0
1134,BUILD-17102,mohamad.arabi,244,2018-09-27,0
1135,ENGR-2384,mohamad.arabi,244,2018-09-27,0
1136,IO-861,mohamad.arabi,244,2018-09-27,0
1137,IO-987,mohamad.arabi,244,2018-09-27,0
1138,IO-988,mohamad.arabi,244,2018-09-27,0
1139,BUILD-16575,mohamad.arabi,244,2018-09-28,0
1140,BUILD-17102,mohamad.arabi,244,2018-09-28,0
1141,ENGR-2372,mohamad.arabi,244,2018-09-28,0
1142,IO-861,mohamad.arabi,244,2018-09-28,0
1143,IO-928,mohamad.arabi,244,2018-09-28,0
1144,IO-940,mohamad.arabi,244,2018-09-28,0
1145,IO-987,mohamad.arabi,244,2018-09-28,0
1146,BUILD-17102,mohamad.arabi,244,2018-10-01,0
1147,ENGR-2270,mohamad.arabi,244,2018-10-01,0
1148,ENGR-2372,mohamad.arabi,244,2018-10-01,0
1149,ENGR-2384,mohamad.arabi,244,2018-10-01,0
1150,IO-861,mohamad.arabi,244,2018-10-01,0
1151,IO-940,mohamad.arabi,244,2018-10-01,0
1152,IO-988,mohamad.arabi,244,2018-10-01,0
1153,IO-928,mohamad.arabi,244,2018-10-02,0
1154,IO-946,mohamad.arabi,244,2018-10-02,0
1155,PREDM-1700,mohamad.arabi,244,2018-10-02,0
1156,PREDM-1709,mohamad.arabi,244,2018-10-02,0
1157,PREDM-1710,mohamad.arabi,244,2018-10-02,0
1158,BUILD-16825,mohamad.arabi,245,2018-10-01,0
1159,IO-1064,mohamad.arabi,245,2018-10-01,0.5
1160,IO-1065,mohamad.arabi,245,2018-10-01,0.5
1161,IO-1073,mohamad.arabi,245,2018-10-01,0.5
1162,IO-1075,mohamad.arabi,245,2018-10-01,0.5
1163,BUILD-16575,mohamad.arabi,245,2018-10-01,2
1164,ENGR-2372,mohamad.arabi,245,2018-10-01,2
1165,IO-1042,mohamad.arabi,245,2018-10-01,4
1166,PREDM-1717,mohamad.arabi,245,2018-10-01,4
1167,PREDM-1718,mohamad.arabi,245,2018-10-01,4
1168,PREDM-1735,mohamad.arabi,245,2018-10-01,4
1169,PREDM-1740,mohamad.arabi,245,2018-10-01,4
1170,IO-1007,mohamad.arabi,245,2018-10-01,6
1171,BUILD-14996,mohamad.arabi,245,2018-10-01,0
1172,ENGR-2427,mohamad.arabi,245,2018-10-01,0
1173,ENGR-2438,mohamad.arabi,245,2018-10-01,0
1174,IO-1015,mohamad.arabi,245,2018-10-01,0
1175,IO-1024,mohamad.arabi,245,2018-10-01,0
1176,IO-1069,mohamad.arabi,245,2018-10-01,0
1177,IO-1070,mohamad.arabi,245,2018-10-01,0
1178,IO-1071,mohamad.arabi,245,2018-10-01,0
1179,IO-1072,mohamad.arabi,245,2018-10-01,0
1180,IO-1087,mohamad.arabi,245,2018-10-01,0
1181,IO-1089,mohamad.arabi,245,2018-10-01,0
1182,BUILD-16575,mohamad.arabi,245,2018-10-02,0
1183,BUILD-16825,mohamad.arabi,245,2018-10-02,0
1184,ENGR-2372,mohamad.arabi,245,2018-10-02,0
1185,PREDM-1717,mohamad.arabi,245,2018-10-02,0
1186,PREDM-1735,mohamad.arabi,245,2018-10-02,0
1187,PREDM-1740,mohamad.arabi,245,2018-10-02,0
1188,ENGR-2427,mohamad.arabi,245,2018-10-02,0
1189,PREDM-1718,mohamad.arabi,245,2018-10-03,0
1190,ENGR-2455,mohamad.arabi,245,2018-10-03,4
1191,ENGR-2453,mohamad.arabi,245,2018-10-03,0
1192,BUILD-16575,mohamad.arabi,245,2018-10-04,0
1193,BUILD-16825,mohamad.arabi,245,2018-10-04,0
1194,ENGR-2455,mohamad.arabi,245,2018-10-04,0
1195,IO-1007,mohamad.arabi,245,2018-10-04,0
1196,PREDM-1718,mohamad.arabi,245,2018-10-04,0
1197,PREDM-1740,mohamad.arabi,245,2018-10-04,0
1198,ENGR-2453,mohamad.arabi,245,2018-10-04,0
1199,ENGR-2372,mohamad.arabi,245,2018-10-05,0
1200,ENGR-2455,mohamad.arabi,245,2018-10-05,0
1201,IO-1007,mohamad.arabi,245,2018-10-05,0
1202,PREDM-1717,mohamad.arabi,245,2018-10-05,0
1203,PREDM-1718,mohamad.arabi,245,2018-10-05,0
1204,PREDM-1740,mohamad.arabi,245,2018-10-05,0
1205,BUILD-16561,mohamad.arabi,245,2018-10-05,0
1206,IO-1089,mohamad.arabi,245,2018-10-05,0
1207,BUILD-16825,mohamad.arabi,245,2018-10-07,0
1208,BUILD-16825,mohamad.arabi,245,2018-10-08,0
1209,ENGR-2455,mohamad.arabi,245,2018-10-08,0
1210,IO-1007,mohamad.arabi,245,2018-10-08,0
1211,IO-1059,mohamad.arabi,245,2018-10-08,4
1212,BUILD-18006,mohamad.arabi,245,2018-10-08,5.5
1213,BUILD-16825,mohamad.arabi,245,2018-10-09,0
1214,BUILD-18006,mohamad.arabi,245,2018-10-09,0
1215,ENGR-2455,mohamad.arabi,245,2018-10-09,0
1216,IO-1007,mohamad.arabi,245,2018-10-09,0
1217,IO-1042,mohamad.arabi,245,2018-10-09,0
1218,IO-1064,mohamad.arabi,245,2018-10-09,0
1219,IO-1065,mohamad.arabi,245,2018-10-09,0
1220,IO-1073,mohamad.arabi,245,2018-10-09,0
1221,IO-1075,mohamad.arabi,245,2018-10-09,0
1222,PREDM-1717,mohamad.arabi,245,2018-10-09,0
1223,PREDM-1718,mohamad.arabi,245,2018-10-09,0
1224,PREDM-1735,mohamad.arabi,245,2018-10-09,0
1225,IO-1069,mohamad.arabi,245,2018-10-09,0
1226,IO-1070,mohamad.arabi,245,2018-10-09,0
1227,IO-1071,mohamad.arabi,245,2018-10-09,0
1228,IO-1072,mohamad.arabi,245,2018-10-09,0
1229,IO-1042,mohamad.arabi,245,2018-10-10,0
1230,IO-1059,mohamad.arabi,245,2018-10-10,0
1231,PREDM-1735,mohamad.arabi,245,2018-10-10,0
1232,IO-1084,mohamad.arabi,245,2018-10-10,4
1233,IO-1086,mohamad.arabi,245,2018-10-10,4
1234,IO-1085,mohamad.arabi,245,2018-10-10,0
1235,BUILD-16825,mohamad.arabi,245,2018-10-11,0
1236,IO-1042,mohamad.arabi,245,2018-10-11,0
1237,IO-1073,mohamad.arabi,245,2018-10-11,0
1238,IO-1075,mohamad.arabi,245,2018-10-11,0
1239,ENGR-2499,mohamad.arabi,245,2018-10-11,2
1240,IO-1069,mohamad.arabi,245,2018-10-11,0
1241,IO-1070,mohamad.arabi,245,2018-10-11,0
1242,IO-1071,mohamad.arabi,245,2018-10-11,0
1243,IO-1072,mohamad.arabi,245,2018-10-11,0
1244,ENGR-2499,mohamad.arabi,245,2018-10-12,0
1245,IO-1007,mohamad.arabi,245,2018-10-12,0
1246,IO-1042,mohamad.arabi,245,2018-10-12,0
1247,IO-1073,mohamad.arabi,245,2018-10-12,0
1248,IO-1075,mohamad.arabi,245,2018-10-12,0
1249,IO-1084,mohamad.arabi,245,2018-10-12,0
1250,PREDM-1717,mohamad.arabi,245,2018-10-12,0
1251,PREDM-1718,mohamad.arabi,245,2018-10-12,0
1252,PREDM-1735,mohamad.arabi,245,2018-10-12,0
1253,PREDM-1740,mohamad.arabi,245,2018-10-12,0
1254,PREDM-1725,mohamad.arabi,245,2018-10-12,3
1255,BUILD-18375,mohamad.arabi,245,2018-10-12,0
1256,BUILD-18376,mohamad.arabi,245,2018-10-12,0
1257,BUILD-18377,mohamad.arabi,245,2018-10-12,0
1258,BUILD-18378,mohamad.arabi,245,2018-10-12,0
1259,BUILD-18379,mohamad.arabi,245,2018-10-12,0
1260,BUILD-18380,mohamad.arabi,245,2018-10-12,0
1261,BUILD-18381,mohamad.arabi,245,2018-10-12,0
1262,BUILD-18382,mohamad.arabi,245,2018-10-12,0
1263,BUILD-18383,mohamad.arabi,245,2018-10-12,0
1264,BUILD-18384,mohamad.arabi,245,2018-10-12,0
1265,BUILD-18385,mohamad.arabi,245,2018-10-12,0
1266,BUILD-18386,mohamad.arabi,245,2018-10-12,0
1267,BUILD-18387,mohamad.arabi,245,2018-10-12,0
1268,BUILD-18388,mohamad.arabi,245,2018-10-12,0
1269,BUILD-18389,mohamad.arabi,245,2018-10-12,0
1270,BUILD-18390,mohamad.arabi,245,2018-10-12,0
1271,BUILD-18391,mohamad.arabi,245,2018-10-12,0
1272,BUILD-18392,mohamad.arabi,245,2018-10-12,0
1273,BUILD-18463,mohamad.arabi,245,2018-10-13,0
1274,BUILD-18464,mohamad.arabi,245,2018-10-13,0
1275,BUILD-18465,mohamad.arabi,245,2018-10-13,0
1276,BUILD-18466,mohamad.arabi,245,2018-10-13,0
1277,BUILD-18468,mohamad.arabi,245,2018-10-13,0
1278,BUILD-18485,mohamad.arabi,245,2018-10-13,0
1279,BUILD-18486,mohamad.arabi,245,2018-10-13,0
1280,BUILD-18487,mohamad.arabi,245,2018-10-13,0
1281,BUILD-18488,mohamad.arabi,245,2018-10-13,0
1282,BUILD-18489,mohamad.arabi,245,2018-10-13,0
1283,PREDM-1717,mohamad.arabi,245,2018-10-14,0
1284,IO-1064,mohamad.arabi,245,2018-10-15,0
1285,IO-1065,mohamad.arabi,245,2018-10-15,0
1286,IO-1073,mohamad.arabi,245,2018-10-15,0
1287,IO-1075,mohamad.arabi,245,2018-10-15,0
1288,BUILD-18606,mohamad.arabi,245,2018-10-15,0
1289,BUILD-16575,mohamad.arabi,245,2018-10-16,0
1290,ENGR-2455,mohamad.arabi,245,2018-10-16,0
1291,PLAT-14694,mohamad.arabi,246,2018-10-15,0
1292,ENGR-2479,mohamad.arabi,246,2018-10-15,0.5
1293,ENGR-2480,mohamad.arabi,246,2018-10-15,0.5
1294,ENGR-2477,mohamad.arabi,246,2018-10-15,1.5
1295,ENGR-2372,mohamad.arabi,246,2018-10-15,2
1296,IO-1039,mohamad.arabi,246,2018-10-15,2
1297,IO-1110,mohamad.arabi,246,2018-10-15,2
1298,IO-1113,mohamad.arabi,246,2018-10-15,2
1299,ENGR-2476,mohamad.arabi,246,2018-10-15,2.5
1300,ENGR-2478,mohamad.arabi,246,2018-10-15,3.5
1301,BUILD-17983,mohamad.arabi,246,2018-10-15,4
1302,IO-1042,mohamad.arabi,246,2018-10-15,4
1303,IO-1059,mohamad.arabi,246,2018-10-15,4
1304,IO-1084,mohamad.arabi,246,2018-10-15,4
1305,IO-1086,mohamad.arabi,246,2018-10-15,4
1306,IO-1111,mohamad.arabi,246,2018-10-15,4
1307,IO-1112,mohamad.arabi,246,2018-10-15,5
1308,ENGR-2438,mohamad.arabi,246,2018-10-15,0
1309,IO-1085,mohamad.arabi,246,2018-10-15,0
1310,IO-993,mohamad.arabi,246,2018-10-15,0
1311,IO-1042,mohamad.arabi,246,2018-10-16,0
1312,IO-1059,mohamad.arabi,246,2018-10-16,0
1313,IO-1084,mohamad.arabi,246,2018-10-16,0
1314,PLAT-14694,mohamad.arabi,246,2018-10-16,0
1315,BUILD-16575,mohamad.arabi,246,2018-10-16,2
1316,ENGR-2499,mohamad.arabi,246,2018-10-16,2
1317,ENGR-2558,mohamad.arabi,246,2018-10-16,2
1318,EXC-15747,mohamad.arabi,246,2018-10-16,4
1319,BUILD-18375,mohamad.arabi,246,2018-10-16,0
1320,BUILD-18376,mohamad.arabi,246,2018-10-16,0
1321,BUILD-18377,mohamad.arabi,246,2018-10-16,0
1322,BUILD-18378,mohamad.arabi,246,2018-10-16,0
1323,BUILD-18379,mohamad.arabi,246,2018-10-16,0
1324,BUILD-18380,mohamad.arabi,246,2018-10-16,0
1325,BUILD-18381,mohamad.arabi,246,2018-10-16,0
1326,BUILD-18382,mohamad.arabi,246,2018-10-16,0
1327,BUILD-18383,mohamad.arabi,246,2018-10-16,0
1328,BUILD-18384,mohamad.arabi,246,2018-10-16,0
1329,BUILD-18385,mohamad.arabi,246,2018-10-16,0
1330,BUILD-18386,mohamad.arabi,246,2018-10-16,0
1331,BUILD-18387,mohamad.arabi,246,2018-10-16,0
1332,BUILD-18388,mohamad.arabi,246,2018-10-16,0
1333,BUILD-18389,mohamad.arabi,246,2018-10-16,0
1334,BUILD-18390,mohamad.arabi,246,2018-10-16,0
1335,BUILD-18391,mohamad.arabi,246,2018-10-16,0
1336,BUILD-18392,mohamad.arabi,246,2018-10-16,0
1337,BUILD-18463,mohamad.arabi,246,2018-10-16,0
1338,BUILD-18464,mohamad.arabi,246,2018-10-16,0
1339,BUILD-18629,mohamad.arabi,246,2018-10-16,0
1340,BUILD-18634,mohamad.arabi,246,2018-10-16,0
1341,BUILD-18647,mohamad.arabi,246,2018-10-16,0
1342,IO-1042,mohamad.arabi,246,2018-10-17,0
1343,IO-1059,mohamad.arabi,246,2018-10-17,0
1344,IO-1110,mohamad.arabi,246,2018-10-17,0
1345,IO-1113,mohamad.arabi,246,2018-10-17,0
1346,PLAT-14694,mohamad.arabi,246,2018-10-17,0
1347,BUILD-18375,mohamad.arabi,246,2018-10-17,0
1348,BUILD-18376,mohamad.arabi,246,2018-10-17,0
1349,BUILD-18377,mohamad.arabi,246,2018-10-17,0
1350,BUILD-18378,mohamad.arabi,246,2018-10-17,0
1351,BUILD-18379,mohamad.arabi,246,2018-10-17,0
1352,BUILD-18380,mohamad.arabi,246,2018-10-17,0
1353,BUILD-18381,mohamad.arabi,246,2018-10-17,0
1354,BUILD-18382,mohamad.arabi,246,2018-10-17,0
1355,BUILD-18383,mohamad.arabi,246,2018-10-17,0
1356,BUILD-18384,mohamad.arabi,246,2018-10-17,0
1357,BUILD-18385,mohamad.arabi,246,2018-10-17,0
1358,BUILD-18386,mohamad.arabi,246,2018-10-17,0
1359,BUILD-18387,mohamad.arabi,246,2018-10-17,0
1360,BUILD-18388,mohamad.arabi,246,2018-10-17,0
1361,BUILD-18389,mohamad.arabi,246,2018-10-17,0
1362,BUILD-18390,mohamad.arabi,246,2018-10-17,0
1363,BUILD-18391,mohamad.arabi,246,2018-10-17,0
1364,BUILD-18463,mohamad.arabi,246,2018-10-17,0
1365,BUILD-18629,mohamad.arabi,246,2018-10-17,0
1366,BUILD-18634,mohamad.arabi,246,2018-10-17,0
1367,BUILD-17983,mohamad.arabi,246,2018-10-18,0
1368,IO-1042,mohamad.arabi,246,2018-10-18,0
1369,IO-1059,mohamad.arabi,246,2018-10-18,0
1370,IO-1084,mohamad.arabi,246,2018-10-18,0
1371,IO-1110,mohamad.arabi,246,2018-10-18,0
1372,IO-1113,mohamad.arabi,246,2018-10-18,0
1373,BUILD-18762,mohamad.arabi,246,2018-10-18,4
1374,BUILD-17983,mohamad.arabi,246,2018-10-19,0
1375,BUILD-18762,mohamad.arabi,246,2018-10-19,0
1376,ENGR-2372,mohamad.arabi,246,2018-10-19,0
1377,EXC-15747,mohamad.arabi,246,2018-10-19,0
1378,IO-1042,mohamad.arabi,246,2018-10-19,0
1379,IO-1084,mohamad.arabi,246,2018-10-19,0
1380,IO-1111,mohamad.arabi,246,2018-10-19,0
1381,IO-1112,mohamad.arabi,246,2018-10-19,0
1382,IO-1110,mohamad.arabi,246,2018-10-20,0
1383,BUILD-18762,mohamad.arabi,246,2018-10-22,0
1384,EXC-15747,mohamad.arabi,246,2018-10-22,0
1385,IO-1084,mohamad.arabi,246,2018-10-22,0
1386,IO-1086,mohamad.arabi,246,2018-10-22,0
1387,BUILD-18762,mohamad.arabi,246,2018-10-23,0
1388,IO-1084,mohamad.arabi,246,2018-10-23,0
1389,IO-1086,mohamad.arabi,246,2018-10-23,0
1390,IO-1111,mohamad.arabi,246,2018-10-23,0
1391,IO-1112,mohamad.arabi,246,2018-10-23,0
1392,BUILD-17983,mohamad.arabi,246,2018-10-24,0
1393,IO-1059,mohamad.arabi,246,2018-10-24,0
1394,IO-1086,mohamad.arabi,246,2018-10-24,0
1395,IO-1111,mohamad.arabi,246,2018-10-24,0
1396,IO-1112,mohamad.arabi,246,2018-10-24,0
1397,IO-1112,mohamad.arabi,246,2018-10-25,0
1398,IO-1113,mohamad.arabi,246,2018-10-25,0
1399,BUILD-17983,mohamad.arabi,246,2018-10-26,0
1400,BUILD-18762,mohamad.arabi,246,2018-10-26,0
1401,ENGR-2479,mohamad.arabi,246,2018-10-26,0
1402,ENGR-2480,mohamad.arabi,246,2018-10-26,0
1403,IO-1042,mohamad.arabi,246,2018-10-26,0
1404,ENGR-2372,mohamad.arabi,246,2018-10-27,0
1405,BUILD-18762,mohamad.arabi,246,2018-10-29,0
1406,IO-1042,mohamad.arabi,246,2018-10-29,0
1407,EXC-15747,mohamad.arabi,246,2018-11-02,0
1408,LCI-2744,mohamad.arabi,247,2018-10-29,1
1409,ENGR-2477,mohamad.arabi,247,2018-10-29,1.5
1410,ENGR-2372,mohamad.arabi,247,2018-10-29,2
1411,IO-1039,mohamad.arabi,247,2018-10-29,2
1412,IO-1126,mohamad.arabi,247,2018-10-29,2
1413,IO-1145,mohamad.arabi,247,2018-10-29,2
1414,ENGR-2476,mohamad.arabi,247,2018-10-29,2.5
1415,IO-1131,mohamad.arabi,247,2018-10-29,2.5
1416,IO-1040,mohamad.arabi,247,2018-10-29,3
1417,BUILD-19664,mohamad.arabi,247,2018-10-29,3.25
1418,ENGR-2478,mohamad.arabi,247,2018-10-29,3.5
1419,BUILD-17983,mohamad.arabi,247,2018-10-29,4
1420,IO-1030,mohamad.arabi,247,2018-10-29,4
1421,PREDM-1771,mohamad.arabi,247,2018-10-29,6
1422,PREDM-1770,mohamad.arabi,247,2018-10-29,8
1423,LCI-2743,mohamad.arabi,247,2018-10-29,0
1424,LCI-2745,mohamad.arabi,247,2018-10-29,0
1425,IO-1030,mohamad.arabi,247,2018-10-30,0
1426,IO-1039,mohamad.arabi,247,2018-10-30,0
1427,IO-1131,mohamad.arabi,247,2018-10-30,0
1428,IO-1110,mohamad.arabi,247,2018-10-30,2
1429,IO-1113,mohamad.arabi,247,2018-10-30,2
1430,IO-1042,mohamad.arabi,247,2018-10-30,4
1431,IO-1059,mohamad.arabi,247,2018-10-30,4
1432,IO-1084,mohamad.arabi,247,2018-10-30,4
1433,IO-1086,mohamad.arabi,247,2018-10-30,4
1434,IO-1111,mohamad.arabi,247,2018-10-30,4
1435,IO-1112,mohamad.arabi,247,2018-10-30,5
1436,BUILD-19664,mohamad.arabi,247,2018-10-31,0
1437,ENGR-2476,mohamad.arabi,247,2018-10-31,0
1438,ENGR-2477,mohamad.arabi,247,2018-10-31,0
1439,IO-1030,mohamad.arabi,247,2018-10-31,0
1440,IO-1040,mohamad.arabi,247,2018-10-31,0
1441,IO-1113,mohamad.arabi,247,2018-10-31,0
1442,IO-1131,mohamad.arabi,247,2018-10-31,0
1443,BUILD-19664,mohamad.arabi,247,2018-11-01,0
1444,ENGR-2476,mohamad.arabi,247,2018-11-01,0
1445,ENGR-2478,mohamad.arabi,247,2018-11-01,0
1446,IO-1030,mohamad.arabi,247,2018-11-01,0
1447,IO-1039,mohamad.arabi,247,2018-11-01,0
1448,IO-1131,mohamad.arabi,247,2018-11-01,0
1449,IO-1145,mohamad.arabi,247,2018-11-01,0
1450,ENGR-2478,mohamad.arabi,247,2018-11-02,0
1451,IO-1039,mohamad.arabi,247,2018-11-02,0
1452,IO-1112,mohamad.arabi,247,2018-11-02,0
1453,IO-1113,mohamad.arabi,247,2018-11-02,0
1454,IO-1126,mohamad.arabi,247,2018-11-02,0
1455,PREDM-1770,mohamad.arabi,247,2018-11-02,0
1456,ENGR-2478,mohamad.arabi,247,2018-11-05,0
1457,PREDM-1770,mohamad.arabi,247,2018-11-06,0
1458,PREDM-1771,mohamad.arabi,247,2018-11-06,0
1459,BUILD-17983,mohamad.arabi,247,2018-11-07,0
1460,BUILD-19664,mohamad.arabi,247,2018-11-07,0
1461,ENGR-2477,mohamad.arabi,247,2018-11-07,0
1462,ENGR-2478,mohamad.arabi,247,2018-11-07,0
1463,IO-1030,mohamad.arabi,247,2018-11-07,0
1464,IO-1126,mohamad.arabi,247,2018-11-07,0
1465,LCI-2744,mohamad.arabi,247,2018-11-07,0
1466,PREDM-1770,mohamad.arabi,247,2018-11-07,0
1467,PREDM-1771,mohamad.arabi,247,2018-11-07,0
1468,BUILD-17983,mohamad.arabi,247,2018-11-08,0
1469,LCI-2744,mohamad.arabi,247,2018-11-08,0
1470,LCI-2743,mohamad.arabi,247,2018-11-08,0
1471,IO-1131,mohamad.arabi,247,2018-11-09,0
1472,EXC-15447,skandh.pathak,242,2018-08-20,2
1473,RESSMB-7123,skandh.pathak,242,2018-08-20,4
1474,RESSMB-7272,skandh.pathak,242,2018-08-20,5
1475,ENGR-2172,skandh.pathak,242,2018-08-20,6
1476,ENGR-2180,skandh.pathak,242,2018-08-20,6
1477,RESSMB-7268,skandh.pathak,242,2018-08-20,6
1478,RESSMB-7313,skandh.pathak,242,2018-08-20,7
1479,ENGR-2185,skandh.pathak,242,2018-08-20,8
1480,RESSMB-7285,skandh.pathak,242,2018-08-20,8
1481,LCI-2600,skandh.pathak,242,2018-08-20,10
1482,LCI-2600,skandh.pathak,242,2018-08-21,0
1483,RESSMB-7285,skandh.pathak,242,2018-08-21,0
1484,LCI-2600,skandh.pathak,242,2018-08-22,0
1485,RESSMB-7123,skandh.pathak,242,2018-08-22,0
1486,RESSMB-7285,skandh.pathak,242,2018-08-22,0
1487,ENGR-2247,skandh.pathak,242,2018-08-22,0.166666667
1488,RESSMB-7123,skandh.pathak,242,2018-08-23,0
1489,RESSMB-7268,skandh.pathak,242,2018-08-23,0
1490,RESSMB-7313,skandh.pathak,242,2018-08-23,0
1491,ENGR-2180,skandh.pathak,242,2018-08-24,0
1492,RESSMB-7268,skandh.pathak,242,2018-08-24,0
1493,RESSMB-7272,skandh.pathak,242,2018-08-24,0
1494,RESSMB-7313,skandh.pathak,242,2018-08-24,0
1495,ENGR-2180,skandh.pathak,242,2018-08-27,0
1496,ENGR-2185,skandh.pathak,242,2018-08-27,0
1497,ENGR-2172,skandh.pathak,242,2018-08-28,0
1498,ENGR-2180,skandh.pathak,242,2018-08-28,0
1499,ENGR-2185,skandh.pathak,242,2018-08-28,0
1500,LCI-2600,skandh.pathak,242,2018-08-28,0
1501,RESSMB-7123,skandh.pathak,242,2018-08-28,0
1502,RESSMB-7268,skandh.pathak,242,2018-08-28,0
1503,RESSMB-7285,skandh.pathak,242,2018-08-28,0
1504,BUILD-15657,skandh.pathak,242,2018-08-28,4
1505,BUILD-15657,skandh.pathak,242,2018-08-29,0
1506,LCI-2600,skandh.pathak,242,2018-08-29,0
1507,ENGR-2180,skandh.pathak,242,2018-08-30,0
1508,ENGR-2185,skandh.pathak,242,2018-08-30,0
1509,LCI-2600,skandh.pathak,242,2018-08-30,0
1510,RESSMB-7321,skandh.pathak,242,2018-08-30,2
1511,BUILD-15657,skandh.pathak,242,2018-08-31,0
1512,ENGR-2172,skandh.pathak,242,2018-08-31,0
1513,ENGR-2180,skandh.pathak,242,2018-08-31,0
1514,LCI-2600,skandh.pathak,242,2018-08-31,0
1515,RESSMB-7123,skandh.pathak,242,2018-08-31,0
1516,RESSMB-7321,skandh.pathak,242,2018-08-31,0
1517,BUILD-15834,skandh.pathak,242,2018-08-31,3
1518,BUILD-15657,skandh.pathak,242,2018-09-04,0
1519,BUILD-15834,skandh.pathak,242,2018-09-04,0
1520,RESSMB-7268,skandh.pathak,242,2018-09-04,0
1521,RESSMB-7285,skandh.pathak,242,2018-09-04,0
1522,BUILD-15657,skandh.pathak,242,2018-09-05,0
1523,ENGR-2180,skandh.pathak,242,2018-09-05,0
1524,ENGR-2185,skandh.pathak,242,2018-09-05,0
1525,RESSMB-7268,skandh.pathak,242,2018-09-05,0
1526,RESSMB-7272,skandh.pathak,242,2018-09-05,0
1527,RESSMB-7285,skandh.pathak,242,2018-09-05,0
1528,RESSMB-7313,skandh.pathak,242,2018-09-05,0
1529,RESSMB-7321,skandh.pathak,242,2018-09-05,0
1530,BUILD-15657,skandh.pathak,242,2018-09-14,0
1531,BUILD-15834,skandh.pathak,242,2018-09-14,0
1532,LCI-2600,skandh.pathak,242,2018-09-14,0
1533,RESSMB-7321,skandh.pathak,242,2018-09-14,0
1534,RESSMB-7330,skandh.pathak,243,2018-09-04,0
1535,EXC-15447,skandh.pathak,243,2018-09-04,2
1536,LCI-2658,skandh.pathak,243,2018-09-04,2
1537,ENGR-2172,skandh.pathak,243,2018-09-04,6
1538,LCI-2661,skandh.pathak,243,2018-09-04,6
1539,LCI-2585,skandh.pathak,243,2018-09-04,8
1540,PREDM-1705,skandh.pathak,243,2018-09-04,8
1541,PREDM-1706,skandh.pathak,243,2018-09-04,16
1542,ENGR-2172,skandh.pathak,243,2018-09-05,0
1543,LCI-2585,skandh.pathak,243,2018-09-05,0
1544,LCI-2658,skandh.pathak,243,2018-09-05,0
1545,PREDM-1705,skandh.pathak,243,2018-09-05,0
1546,PREDM-1706,skandh.pathak,243,2018-09-05,0
1547,RESSMB-7330,skandh.pathak,243,2018-09-05,0
1548,LCI-2585,skandh.pathak,243,2018-09-06,0
1549,LCI-2658,skandh.pathak,243,2018-09-06,0
1550,PREDM-1705,skandh.pathak,243,2018-09-06,0
1551,LCI-2658,skandh.pathak,243,2018-09-07,0
1552,LCI-2661,skandh.pathak,243,2018-09-07,0
1553,RESSMB-7330,skandh.pathak,243,2018-09-07,0
1554,LCI-2661,skandh.pathak,243,2018-09-10,0
1555,RESSMB-7330,skandh.pathak,243,2018-09-10,0
1556,LCI-2679,skandh.pathak,243,2018-09-10,0
1557,PREDM-1705,skandh.pathak,243,2018-09-11,0
1558,PREDM-1706,skandh.pathak,243,2018-09-11,0
1559,BUILD-16381,skandh.pathak,243,2018-09-11,0
1560,PREDM-1706,skandh.pathak,243,2018-09-12,0
1561,PREDM-1690,skandh.pathak,243,2018-09-12,2
1562,LCI-2585,skandh.pathak,243,2018-09-13,0
1563,PREDM-1690,skandh.pathak,243,2018-09-13,0
1564,PREDM-1706,skandh.pathak,243,2018-09-13,0
1565,LCI-2585,skandh.pathak,243,2018-09-14,0
1566,PREDM-1705,skandh.pathak,243,2018-09-14,0
1567,PREDM-1706,skandh.pathak,243,2018-09-14,0
1568,BUILD-16381,skandh.pathak,243,2018-09-14,0
1569,PREDM-1705,skandh.pathak,243,2018-09-17,0
1570,PREDM-1706,skandh.pathak,243,2018-09-17,0
1571,BUILD-16652,skandh.pathak,243,2018-09-17,0
1572,IO-929,skandh.pathak,244,2018-09-17,1
1573,ENGR-2380,skandh.pathak,244,2018-09-17,4
1574,PREDM-1713,skandh.pathak,244,2018-09-17,5
1575,ENGR-2172,skandh.pathak,244,2018-09-17,6
1576,IO-781,skandh.pathak,244,2018-09-17,6
1577,LCI-2678,skandh.pathak,244,2018-09-17,6
1578,PREDM-1702,skandh.pathak,244,2018-09-17,6
1579,ENGR-2385,skandh.pathak,244,2018-09-17,8
1580,IO-972,skandh.pathak,244,2018-09-17,12
1581,IO-963,skandh.pathak,244,2018-09-17,0
1582,ENGR-2172,skandh.pathak,244,2018-09-18,0
1583,ENGR-2380,skandh.pathak,244,2018-09-18,0
1584,IO-929,skandh.pathak,244,2018-09-18,0
1585,LCI-2678,skandh.pathak,244,2018-09-18,0
1586,PREDM-1702,skandh.pathak,244,2018-09-18,0
1587,PREDM-1713,skandh.pathak,244,2018-09-18,0
1588,LCI-2658,skandh.pathak,244,2018-09-18,2
1589,ENGR-2388,skandh.pathak,244,2018-09-18,3
1590,ENGR-2329,skandh.pathak,244,2018-09-18,4
1591,LCI-2661,skandh.pathak,244,2018-09-18,6
1592,ENGR-2329,skandh.pathak,244,2018-09-19,0
1593,IO-972,skandh.pathak,244,2018-09-19,0
1594,LCI-2678,skandh.pathak,244,2018-09-19,0
1595,PREDM-1702,skandh.pathak,244,2018-09-19,0
1596,ENGR-2388,skandh.pathak,244,2018-09-21,0
1597,IO-972,skandh.pathak,244,2018-09-21,0
1598,LCI-2678,skandh.pathak,244,2018-09-21,0
1599,PREDM-1702,skandh.pathak,244,2018-09-21,0
1600,ENGR-2329,skandh.pathak,244,2018-09-24,0
1601,ENGR-2385,skandh.pathak,244,2018-09-24,0
1602,IO-972,skandh.pathak,244,2018-09-24,0
1603,LCI-2658,skandh.pathak,244,2018-09-24,0
1604,LCI-2661,skandh.pathak,244,2018-09-24,0
1605,LCI-2678,skandh.pathak,244,2018-09-24,0
1606,ENGR-2388,skandh.pathak,244,2018-09-25,0
1607,IO-781,skandh.pathak,244,2018-09-25,0
1608,ENGR-2385,skandh.pathak,244,2018-09-26,0
1609,IO-972,skandh.pathak,244,2018-09-26,0
1610,PREDM-1702,skandh.pathak,244,2018-09-26,0
1611,ENGR-2385,skandh.pathak,244,2018-09-28,0
1612,IO-781,skandh.pathak,244,2018-09-28,0
1613,IO-929,skandh.pathak,244,2018-09-28,0
1614,IO-972,skandh.pathak,244,2018-09-28,0
1615,PREDM-1702,skandh.pathak,244,2018-09-28,0
1616,IO-781,skandh.pathak,244,2018-09-29,0
1617,IO-972,skandh.pathak,244,2018-09-29,0
1618,IO-972,skandh.pathak,244,2018-09-30,0
1619,BUILD-17516,skandh.pathak,244,2018-10-01,0
1620,ENGR-2329,skandh.pathak,244,2018-10-02,0
1621,ENGR-2385,skandh.pathak,244,2018-10-02,0
1622,ENGR-2388,skandh.pathak,244,2018-10-02,0
1623,PREDM-1702,skandh.pathak,244,2018-10-02,0
1624,PREDM-1713,skandh.pathak,244,2018-10-02,0
1625,ENGR-2439,skandh.pathak,245,2018-10-01,1
1626,PREDM-1720,skandh.pathak,245,2018-10-01,3
1627,BUILD-17283,skandh.pathak,245,2018-10-01,4
1628,ENGR-2380,skandh.pathak,245,2018-10-01,4
1629,ENGR-2423,skandh.pathak,245,2018-10-01,4
1630,IO-1014,skandh.pathak,245,2018-10-01,4
1631,PREDM-1724,skandh.pathak,245,2018-10-01,4
1632,PREDM-1727,skandh.pathak,245,2018-10-01,4
1633,PREDM-1731,skandh.pathak,245,2018-10-01,4
1634,PREDM-1737,skandh.pathak,245,2018-10-01,4
1635,PREDM-1730,skandh.pathak,245,2018-10-01,5
1636,PREDM-1736,skandh.pathak,245,2018-10-01,5
1637,PREDM-1745,skandh.pathak,245,2018-10-01,5
1638,ENGR-2172,skandh.pathak,245,2018-10-01,6
1639,IO-972,skandh.pathak,245,2018-10-01,12
1640,ENGR-2441,skandh.pathak,245,2018-10-01,0
1641,IO-1012,skandh.pathak,245,2018-10-01,0
1642,IO-1093,skandh.pathak,245,2018-10-01,0
1643,PREDM-1738,skandh.pathak,245,2018-10-01,0
1644,BUILD-17283,skandh.pathak,245,2018-10-02,0
1645,IO-1014,skandh.pathak,245,2018-10-02,0
1646,IO-972,skandh.pathak,245,2018-10-02,0
1647,PREDM-1720,skandh.pathak,245,2018-10-02,0
1648,PREDM-1727,skandh.pathak,245,2018-10-02,0
1649,PREDM-1731,skandh.pathak,245,2018-10-02,0
1650,PREDM-1745,skandh.pathak,245,2018-10-02,0
1651,BUILD-17283,skandh.pathak,245,2018-10-03,0
1652,IO-1014,skandh.pathak,245,2018-10-03,0
1653,IO-972,skandh.pathak,245,2018-10-03,0
1654,PREDM-1720,skandh.pathak,245,2018-10-03,0
1655,PREDM-1731,skandh.pathak,245,2018-10-03,0
1656,ENGR-2451,skandh.pathak,245,2018-10-03,8
1657,ENGR-2451,skandh.pathak,245,2018-10-04,0
1658,PREDM-1720,skandh.pathak,245,2018-10-04,0
1659,PREDM-1724,skandh.pathak,245,2018-10-04,0
1660,PREDM-1727,skandh.pathak,245,2018-10-04,0
1661,PREDM-1736,skandh.pathak,245,2018-10-04,0
1662,ENGR-2451,skandh.pathak,245,2018-10-05,0
1663,PREDM-1724,skandh.pathak,245,2018-10-05,0
1664,PREDM-1737,skandh.pathak,245,2018-10-05,0
1665,PREDM-1745,skandh.pathak,245,2018-10-05,0
1666,BUILD-17283,skandh.pathak,245,2018-10-07,0
1667,BUILD-17283,skandh.pathak,245,2018-10-08,0
1668,IO-1014,skandh.pathak,245,2018-10-09,0
1669,PREDM-1724,skandh.pathak,245,2018-10-09,0
1670,PREDM-1730,skandh.pathak,245,2018-10-09,0
1671,PREDM-1736,skandh.pathak,245,2018-10-09,0
1672,PREDM-1737,skandh.pathak,245,2018-10-09,0
1673,PREDM-1745,skandh.pathak,245,2018-10-09,0
1674,IO-1093,skandh.pathak,245,2018-10-09,0
1675,ENGR-2380,skandh.pathak,245,2018-10-10,0
1676,ENGR-2439,skandh.pathak,245,2018-10-10,0
1677,IO-1014,skandh.pathak,245,2018-10-10,0
1678,PREDM-1724,skandh.pathak,245,2018-10-10,0
1679,PREDM-1730,skandh.pathak,245,2018-10-10,0
1680,ENGR-2172,skandh.pathak,245,2018-10-11,0
1681,ENGR-2451,skandh.pathak,245,2018-10-11,0
1682,IO-972,skandh.pathak,245,2018-10-12,0
1683,PREDM-1720,skandh.pathak,245,2018-10-12,0
1684,PREDM-1724,skandh.pathak,245,2018-10-12,0
1685,PREDM-1727,skandh.pathak,245,2018-10-12,0
1686,PREDM-1730,skandh.pathak,245,2018-10-12,0
1687,PREDM-1731,skandh.pathak,245,2018-10-12,0
1688,PREDM-1736,skandh.pathak,245,2018-10-12,0
1689,PREDM-1737,skandh.pathak,245,2018-10-12,0
1690,PREDM-1745,skandh.pathak,245,2018-10-12,0
1691,BUILD-17283,skandh.pathak,245,2018-10-15,0
1692,ENGR-2172,skandh.pathak,245,2018-10-15,0
1693,ENGR-2380,skandh.pathak,245,2018-10-15,0
1694,IO-1014,skandh.pathak,245,2018-10-15,0
1695,PREDM-1730,skandh.pathak,245,2018-10-15,0
1696,ENGR-2172,skandh.pathak,245,2018-10-19,0
1697,ENGR-2439,skandh.pathak,246,2018-10-15,1
1698,IO-1100,skandh.pathak,246,2018-10-15,1
1699,IO-1101,skandh.pathak,246,2018-10-15,1
1700,IO-1041,skandh.pathak,246,2018-10-15,3
1701,IO-1106,skandh.pathak,246,2018-10-15,3
1702,BUILD-18271,skandh.pathak,246,2018-10-15,4
1703,ENGR-2423,skandh.pathak,246,2018-10-15,4
1704,IO-1038,skandh.pathak,246,2018-10-15,4
1705,PREDM-1753,skandh.pathak,246,2018-10-15,4
1706,PREDM-1755,skandh.pathak,246,2018-10-15,4
1707,IO-993,skandh.pathak,246,2018-10-15,5
1708,ENGR-2545,skandh.pathak,246,2018-10-15,6
1709,PREDM-1764,skandh.pathak,246,2018-10-15,6
1710,ENGR-2441,skandh.pathak,246,2018-10-15,0
1711,ENGR-2552,skandh.pathak,246,2018-10-15,0
1712,IO-1030,skandh.pathak,246,2018-10-15,0
1713,IO-1040,skandh.pathak,246,2018-10-15,0
1714,PREDM-1746,skandh.pathak,246,2018-10-15,0
1715,IO-1038,skandh.pathak,246,2018-10-16,0
1716,IO-1106,skandh.pathak,246,2018-10-16,0
1717,EXC-15729,skandh.pathak,246,2018-10-16,1
1718,BUILD-18466,skandh.pathak,246,2018-10-16,4
1719,BUILD-18647,skandh.pathak,246,2018-10-16,4
1720,BUILD-18647,skandh.pathak,246,2018-10-17,0
1721,ENGR-2423,skandh.pathak,246,2018-10-17,0
1722,EXC-15729,skandh.pathak,246,2018-10-17,0
1723,IO-1038,skandh.pathak,246,2018-10-17,0
1724,IO-1041,skandh.pathak,246,2018-10-17,0
1725,IO-1100,skandh.pathak,246,2018-10-17,0
1726,IO-1101,skandh.pathak,246,2018-10-17,0
1727,IO-1106,skandh.pathak,246,2018-10-17,0
1728,IO-993,skandh.pathak,246,2018-10-17,0
1729,ENGR-2552,skandh.pathak,246,2018-10-17,0
1730,BUILD-18466,skandh.pathak,246,2018-10-18,0
1731,BUILD-18647,skandh.pathak,246,2018-10-18,0
1732,ENGR-2423,skandh.pathak,246,2018-10-18,0
1733,IO-1041,skandh.pathak,246,2018-10-18,0
1734,IO-1100,skandh.pathak,246,2018-10-18,0
1735,IO-1101,skandh.pathak,246,2018-10-18,0
1736,IO-993,skandh.pathak,246,2018-10-18,0
1737,PREDM-1753,skandh.pathak,246,2018-10-18,0
1738,PREDM-1755,skandh.pathak,246,2018-10-18,0
1739,BUILD-18647,skandh.pathak,246,2018-10-19,0
1740,IO-1041,skandh.pathak,246,2018-10-19,0
1741,IO-1106,skandh.pathak,246,2018-10-19,0
1742,IO-993,skandh.pathak,246,2018-10-19,0
1743,PREDM-1753,skandh.pathak,246,2018-10-19,0
1744,PREDM-1755,skandh.pathak,246,2018-10-19,0
1745,PREDM-1762,skandh.pathak,246,2018-10-19,4
1746,ENGR-2552,skandh.pathak,246,2018-10-19,0
1747,IO-993,skandh.pathak,246,2018-10-22,0
1748,PREDM-1764,skandh.pathak,246,2018-10-22,0
1749,LCI-2733,skandh.pathak,246,2018-10-22,2
1750,LCI-2734,skandh.pathak,246,2018-10-22,3
1751,LCI-2735,skandh.pathak,246,2018-10-22,3
1752,BUILD-18271,skandh.pathak,246,2018-10-23,0
1753,ENGR-2423,skandh.pathak,246,2018-10-23,0
1754,ENGR-2545,skandh.pathak,246,2018-10-23,0
1755,PREDM-1764,skandh.pathak,246,2018-10-23,0
1756,BUILD-18271,skandh.pathak,246,2018-10-24,0
1757,ENGR-2545,skandh.pathak,246,2018-10-24,0
1758,IO-993,skandh.pathak,246,2018-10-24,0
1759,BUILD-18271,skandh.pathak,246,2018-10-25,0
1760,BUILD-18647,skandh.pathak,246,2018-10-25,0
1761,IO-993,skandh.pathak,246,2018-10-25,0
1762,LCI-2734,skandh.pathak,246,2018-10-25,0
1763,LCI-2735,skandh.pathak,246,2018-10-25,0
1764,PREDM-1764,skandh.pathak,246,2018-10-25,0
1765,BUILD-18647,skandh.pathak,246,2018-10-26,0
1766,EXC-15729,skandh.pathak,246,2018-10-26,0
1767,IO-1041,skandh.pathak,246,2018-10-26,0
1768,IO-1100,skandh.pathak,246,2018-10-26,0
1769,IO-1101,skandh.pathak,246,2018-10-26,0
1770,LCI-2734,skandh.pathak,246,2018-10-26,0
1771,PREDM-1753,skandh.pathak,246,2018-10-26,0
1772,PREDM-1755,skandh.pathak,246,2018-10-26,0
1773,PREDM-1764,skandh.pathak,246,2018-10-26,0
1774,BUILD-18647,skandh.pathak,246,2018-10-27,0
1775,BUILD-18271,skandh.pathak,246,2018-10-29,0
1776,BUILD-18647,skandh.pathak,246,2018-10-29,0
1777,ENGR-2423,skandh.pathak,246,2018-10-29,0
1778,EXC-15729,skandh.pathak,246,2018-10-29,0
1779,IO-1038,skandh.pathak,246,2018-10-29,0
1780,IO-1041,skandh.pathak,246,2018-10-29,0
1781,IO-1100,skandh.pathak,246,2018-10-29,0
1782,IO-1101,skandh.pathak,246,2018-10-29,0
1783,IO-1106,skandh.pathak,246,2018-10-29,0
1784,IO-993,skandh.pathak,246,2018-10-29,0
1785,LCI-2733,skandh.pathak,246,2018-10-29,0
1786,LCI-2734,skandh.pathak,246,2018-10-29,0
1787,PREDM-1753,skandh.pathak,246,2018-10-29,0
1788,PREDM-1755,skandh.pathak,246,2018-10-29,0
1789,PREDM-1762,skandh.pathak,246,2018-10-29,0
1790,PREDM-1764,skandh.pathak,246,2018-10-29,0
1791,LCI-2735,skandh.pathak,246,2018-10-30,0
1792,LCI-2759,skandh.pathak,247,2018-10-29,1
1793,LCI-2738,skandh.pathak,247,2018-10-29,3
1794,IO-1136,skandh.pathak,247,2018-10-29,4
1795,IO-1142,skandh.pathak,247,2018-10-29,4
1796,IO-1151,skandh.pathak,247,2018-10-29,4
1797,LCI-2756,skandh.pathak,247,2018-10-29,4
1798,PREDM-1766,skandh.pathak,247,2018-10-29,4
1799,ENGR-2545,skandh.pathak,247,2018-10-29,6
1800,IO-1137,skandh.pathak,247,2018-10-29,6
1801,IO-1140,skandh.pathak,247,2018-10-29,6
1802,ENGR-2465,skandh.pathak,247,2018-10-29,8
1803,BUILD-19137,skandh.pathak,247,2018-10-29,0
1804,ENGR-2441,skandh.pathak,247,2018-10-29,0
1805,IO-1136,skandh.pathak,247,2018-10-30,0
1806,IO-1137,skandh.pathak,247,2018-10-30,0
1807,IO-1151,skandh.pathak,247,2018-10-30,0
1808,PREDM-1766,skandh.pathak,247,2018-10-30,0
1809,BUILD-19731,skandh.pathak,247,2018-10-30,4
1810,BUILD-19137,skandh.pathak,247,2018-10-30,0
1811,ENGR-2552,skandh.pathak,247,2018-10-30,0
1812,BUILD-19731,skandh.pathak,247,2018-10-31,0
1813,BUILD-19923,skandh.pathak,247,2018-10-31,4
1814,BUILD-19137,skandh.pathak,247,2018-10-31,0
1815,BUILD-19731,skandh.pathak,247,2018-11-01,0
1816,BUILD-19923,skandh.pathak,247,2018-11-01,0
1817,ENGR-2465,skandh.pathak,247,2018-11-01,0
1818,ENGR-2545,skandh.pathak,247,2018-11-01,0
1819,IO-1136,skandh.pathak,247,2018-11-01,0
1820,IO-1137,skandh.pathak,247,2018-11-01,0
1821,IO-1142,skandh.pathak,247,2018-11-01,0
1822,BUILD-19923,skandh.pathak,247,2018-11-02,0
1823,ENGR-2465,skandh.pathak,247,2018-11-02,0
1824,ENGR-2545,skandh.pathak,247,2018-11-02,0
1825,IO-1140,skandh.pathak,247,2018-11-02,0
1826,ENGR-2545,skandh.pathak,247,2018-11-05,0
1827,LCI-2756,skandh.pathak,247,2018-11-05,0
1828,ENGR-2545,skandh.pathak,247,2018-11-06,0
1829,IO-1136,skandh.pathak,247,2018-11-06,0
1830,IO-1137,skandh.pathak,247,2018-11-06,0
1831,LCI-2756,skandh.pathak,247,2018-11-06,0
1832,LCI-2759,skandh.pathak,247,2018-11-06,0
1833,IO-1136,skandh.pathak,247,2018-11-07,0
1834,IO-1137,skandh.pathak,247,2018-11-07,0
1835,IO-1140,skandh.pathak,247,2018-11-07,0
1836,IO-1151,skandh.pathak,247,2018-11-07,0
1837,LCI-2738,skandh.pathak,247,2018-11-07,0
1838,LCI-2756,skandh.pathak,247,2018-11-07,0
1839,IO-1142,skandh.pathak,247,2018-11-08,0
1840,LCI-2738,skandh.pathak,247,2018-11-08,0
1841,ENGR-2709,skandh.pathak,247,2018-11-08,5
1842,ENGR-2552,skandh.pathak,247,2018-11-08,0
1843,ENGR-2709,skandh.pathak,247,2018-11-09,0